secao,chave,canal,marca,alvo_proposto,ofertas_afetadas,composicao_empirica,componentes,unidades,pedidos_de_evidencia,ultima_evidencia,evidencia,alerta,responsavel,estado,decidido_em,observacao
chave_de_canal,01346,shopee|tiktok,apice,,3,nao,,,,,nenhuma,sem composicao: exige a BOM do fornecedor ou do Protheus,,PENDENTE,,
chave_de_canal,KIT001,shopee|tiktok,apice,,2,sim,5,5.0,48,2026-09-24 22:31:33,composicao reconstruida de NF (KITS-MAP-1),,,PENDENTE,,
chave_de_canal,KIT002,shopee|tiktok,apice,,3,sim,2,2.0,4,2026-07-26 13:15:02,composicao reconstruida de NF (KITS-MAP-1),,,PENDENTE,,
chave_de_canal,KIT003,shopee|tiktok,apice,,2,sim,9,9.0,3,2026-09-19 17:33:12,composicao reconstruida de NF (KITS-MAP-1),,,PENDENTE,,
chave_de_canal,KIT004,shopee|tiktok,apice,,2,sim,3,3.0,168,2026-09-24 21:37:40,composicao reconstruida de NF (KITS-MAP-1),,,PENDENTE,,
chave_de_canal,KIT005,shopee|tiktok,apice,,2,sim,7,7.0,6,2026-09-23 22:00:25,composicao reconstruida de NF (KITS-MAP-1),,,PENDENTE,,
chave_de_canal,KIT0056,tiktok,apice,,1,nao,,,,,nenhuma,sem composicao: exige a BOM do fornecedor ou do Protheus,,PENDENTE,,
chave_de_canal,KIT006,shopee|tiktok,apice,,2,sim,4,4.0,2,2026-09-20 20:40:44,composicao reconstruida de NF (KITS-MAP-1),,,PENDENTE,,
chave_de_canal,KIT007,shopee|tiktok,apice,,2,sim,5,5.0,12,2026-09-23 15:10:35,composicao reconstruida de NF (KITS-MAP-1),,,PENDENTE,,
chave_de_canal,KIT008,shopee|tiktok,apice,,2,sim,10,10.0,3,2026-09-24 10:44:32,composicao reconstruida de NF (KITS-MAP-1),,,PENDENTE,,
chave_de_canal,KIT009,shopee|tiktok,apice,,2,sim,4,4.0,185,2026-09-24 16:11:39,composicao reconstruida de NF (KITS-MAP-1),,,PENDENTE,,
chave_de_canal,KIT010,shopee|tiktok,apice,,2,sim,4,4.0,4,2026-08-31 15:06:28,composicao reconstruida de NF (KITS-MAP-1),,,PENDENTE,,
chave_de_canal,KIT011,shopee|tiktok,apice,,2,sim,8,8.0,3,2026-09-19 20:14:05,composicao reconstruida de NF (KITS-MAP-1),,,PENDENTE,,
chave_de_canal,KIT012,shopee|tiktok,apice,,2,sim,4,4.0,3,2026-09-13 19:53:11,composicao reconstruida de NF (KITS-MAP-1),,,PENDENTE,,
chave_de_canal,KIT013,shopee|tiktok,apice,,3,sim,2,2.0,43,2026-09-10 12:57:56,composicao reconstruida de NF (KITS-MAP-1),,,PENDENTE,,
chave_de_canal,KIT014,shopee|tiktok,apice,,2,sim,2,2.0,1,2026-07-12 10:43:07,composicao reconstruida de NF (KITS-MAP-1),,,PENDENTE,,
chave_de_canal,KIT015,shopee|tiktok,apice,,2,sim,5,5.0,2,2026-09-05 22:46:50,composicao reconstruida de NF (KITS-MAP-1),,,PENDENTE,,
chave_de_canal,KIT016,shopee|tiktok,apice,,2,sim,4,4.0,1,2026-09-22 02:11:13,composicao reconstruida de NF (KITS-MAP-1),,,PENDENTE,,
chave_de_canal,KIT017,shopee|tiktok,apice,,2,sim,5,5.0,5,2026-09-09 12:30:29,composicao reconstruida de NF (KITS-MAP-1),,,PENDENTE,,
chave_de_canal,KIT018,shopee|tiktok,apice,,2,nao,,,,,nenhuma,sem composicao: exige a BOM do fornecedor ou do Protheus,,PENDENTE,,
chave_de_canal,KIT019,shopee|tiktok,apice,,2,sim,3,3.0,48,2026-09-22 13:08:44,composicao reconstruida de NF (KITS-MAP-1),,,PENDENTE,,
chave_de_canal,KIT020,shopee|tiktok,apice,,2,sim,3,3.0,1,2026-07-08 17:03:37,composicao reconstruida de NF (KITS-MAP-1),,,PENDENTE,,
chave_de_canal,KIT021,shopee|tiktok,apice,,2,nao,,,,,nenhuma,sem composicao: exige a BOM do fornecedor ou do Protheus,,PENDENTE,,
chave_de_canal,KIT022,shopee|tiktok,apice,,2,sim,6,6.0,1,2026-07-29 14:55:55,composicao reconstruida de NF (KITS-MAP-1),,,PENDENTE,,
chave_de_canal,KIT023,shopee|tiktok,apice,,2,sim,4,4.0,7,2026-09-21 06:47:29,composicao reconstruida de NF (KITS-MAP-1),,,PENDENTE,,
chave_de_canal,KIT024,shopee|tiktok,apice,,2,sim,3,3.0,3,2026-07-14 06:18:47,composicao reconstruida de NF (KITS-MAP-1),,,PENDENTE,,
chave_de_canal,KIT025,shopee|tiktok,apice,,2,sim,7,7.0,10,2026-09-18 06:44:48,composicao reconstruida de NF (KITS-MAP-1),,,PENDENTE,,
chave_de_canal,KIT026,shopee|tiktok,apice,,2,sim,3,3.0,22,2026-07-29 21:07:14,composicao reconstruida de NF (KITS-MAP-1),,,PENDENTE,,
chave_de_canal,KIT027,shopee|tiktok,apice,,2,sim,4,4.0,3,2026-09-09 20:47:37,composicao reconstruida de NF (KITS-MAP-1),,,PENDENTE,,
chave_de_canal,KIT028,tiktok,apice,,1,nao,,,,,nenhuma,sem composicao: exige a BOM do fornecedor ou do Protheus,,PENDENTE,,
chave_de_canal,KIT029,shopee|tiktok,apice,,4,sim,6,6.0,45,2026-09-22 09:36:46,composicao reconstruida de NF (KITS-MAP-1),,,PENDENTE,,
chave_de_canal,KIT030,tiktok,apice,,1,nao,,,,,nenhuma,sem composicao: exige a BOM do fornecedor ou do Protheus,,PENDENTE,,
chave_de_canal,KIT031,shopee|tiktok,apice,,2,sim,2,2.0,51,2026-09-21 07:18:52,composicao reconstruida de NF (KITS-MAP-1),,,PENDENTE,,
chave_de_canal,KIT032,shopee|tiktok,apice,,2,nao,,,,,nenhuma,sem composicao: exige a BOM do fornecedor ou do Protheus,,PENDENTE,,
chave_de_canal,KIT033,shopee|tiktok,apice,,2,sim,3,3.0,6,2026-09-09 21:00:51,composicao reconstruida de NF (KITS-MAP-1),,,PENDENTE,,
chave_de_canal,KIT034,shopee|tiktok,apice,,2,nao,,,,,nenhuma,sem composicao: exige a BOM do fornecedor ou do Protheus,,PENDENTE,,
chave_de_canal,KIT035,shopee|tiktok,apice,,2,sim,3,3.0,130,2026-09-24 23:17:50,composicao reconstruida de NF (KITS-MAP-1),,,PENDENTE,,
chave_de_canal,KIT036,shopee|tiktok,apice,,2,nao,,,,,nenhuma,sem composicao: exige a BOM do fornecedor ou do Protheus,,PENDENTE,,
chave_de_canal,KIT037,shopee|tiktok,apice,,2,sim,3,3.0,167,2026-09-24 12:04:19,composicao reconstruida de NF (KITS-MAP-1),,,PENDENTE,,
chave_de_canal,KIT038,shopee|tiktok,apice,,2,nao,,,,,nenhuma,sem composicao: exige a BOM do fornecedor ou do Protheus,,PENDENTE,,
chave_de_canal,KIT039,shopee|tiktok,apice,,2,nao,,,,,nenhuma,sem composicao: exige a BOM do fornecedor ou do Protheus,,PENDENTE,,
chave_de_canal,KIT040,shopee|tiktok,apice,,2,nao,,,,,nenhuma,sem composicao: exige a BOM do fornecedor ou do Protheus,,PENDENTE,,
chave_de_canal,KIT041,shopee|tiktok,apice,,2,sim,7,7.0,5,2026-09-24 22:06:35,composicao reconstruida de NF (KITS-MAP-1),,,PENDENTE,,
chave_de_canal,KIT042,shopee|tiktok,apice,,2,nao,,,,,nenhuma,sem composicao: exige a BOM do fornecedor ou do Protheus,,PENDENTE,,
chave_de_canal,KIT043,shopee|tiktok,apice,,2,nao,,,,,nenhuma,sem composicao: exige a BOM do fornecedor ou do Protheus,,PENDENTE,,
chave_de_canal,KIT044,shopee|tiktok,apice,,2,nao,,,,,nenhuma,sem composicao: exige a BOM do fornecedor ou do Protheus,,PENDENTE,,
chave_de_canal,KIT045,shopee|tiktok,apice,,2,sim,2,2.0,4,2026-09-09 23:44:40,composicao reconstruida de NF (KITS-MAP-1),,,PENDENTE,,
chave_de_canal,KIT046,shopee|tiktok,apice,,2,sim,3,3.0,48,2026-09-23 19:26:21,composicao reconstruida de NF (KITS-MAP-1),,,PENDENTE,,
chave_de_canal,KIT047,shopee|tiktok,apice,,2,sim,3,3.0,13,2026-09-04 21:50:02,composicao reconstruida de NF (KITS-MAP-1),,,PENDENTE,,
chave_de_canal,KIT048,shopee|tiktok,apice,,2,sim,5,5.0,5,2026-09-24 23:11:28,composicao reconstruida de NF (KITS-MAP-1),,,PENDENTE,,
chave_de_canal,KIT049,shopee|tiktok,apice,,2,nao,,,,,nenhuma,sem composicao: exige a BOM do fornecedor ou do Protheus,,PENDENTE,,
chave_de_canal,KIT050,shopee|tiktok,apice,,2,nao,,,,,nenhuma,sem composicao: exige a BOM do fornecedor ou do Protheus,,PENDENTE,,
chave_de_canal,KIT051,shopee|tiktok,apice,,2,sim,2,2.0,3,2026-09-12 13:03:21,composicao reconstruida de NF (KITS-MAP-1),,,PENDENTE,,
chave_de_canal,KIT052,shopee|tiktok,apice,,2,sim,3,3.0,9,2026-07-31 13:26:27,composicao reconstruida de NF (KITS-MAP-1),,,PENDENTE,,
chave_de_canal,KIT053,shopee|tiktok,apice,,2,nao,,,,,nenhuma,sem composicao: exige a BOM do fornecedor ou do Protheus,,PENDENTE,,
chave_de_canal,KIT054,shopee|tiktok,apice,,2,sim,3,3.0,24,2026-09-21 10:03:59,composicao reconstruida de NF (KITS-MAP-1),,,PENDENTE,,
chave_de_canal,KIT055,shopee|tiktok,apice,,2,nao,,,,,nenhuma,sem composicao: exige a BOM do fornecedor ou do Protheus,,PENDENTE,,
chave_de_canal,KIT056,shopee|tiktok,apice,,2,sim,4,4.0,7,2026-08-29 11:31:34,composicao reconstruida de NF (KITS-MAP-1),,,PENDENTE,,
chave_de_canal,KIT057,shopee|tiktok,apice,,2,sim,3,3.0,3,2026-07-23 08:50:27,composicao reconstruida de NF (KITS-MAP-1),,,PENDENTE,,
chave_de_canal,KIT058,shopee|tiktok,apice,,2,sim,7,7.0,3,2026-09-17 07:39:37,composicao reconstruida de NF (KITS-MAP-1),,,PENDENTE,,
chave_de_canal,KIT059,shopee|tiktok,apice,,2,nao,,,,,nenhuma,sem composicao: exige a BOM do fornecedor ou do Protheus,,PENDENTE,,
chave_de_canal,KIT060,shopee|tiktok,apice,,2,nao,,,,,nenhuma,sem composicao: exige a BOM do fornecedor ou do Protheus,,PENDENTE,,
chave_de_canal,KIT061,shopee|tiktok,apice,,2,nao,,,,,nenhuma,sem composicao: exige a BOM do fornecedor ou do Protheus,,PENDENTE,,
chave_de_canal,KIT062,shopee|tiktok,apice,,3,nao,,,,,nenhuma,sem composicao: exige a BOM do fornecedor ou do Protheus,,PENDENTE,,
chave_de_canal,KIT063,shopee|tiktok,apice,,2,nao,,,,,nenhuma,sem composicao: exige a BOM do fornecedor ou do Protheus,,PENDENTE,,
chave_de_canal,KIT064,shopee|tiktok,apice,,2,nao,,,,,nenhuma,sem composicao: exige a BOM do fornecedor ou do Protheus,,PENDENTE,,
chave_de_canal,KIT065,shopee|tiktok,apice,,2,nao,,,,,nenhuma,sem composicao: exige a BOM do fornecedor ou do Protheus,,PENDENTE,,
chave_de_canal,KIT066,shopee|tiktok,apice,,2,sim,3,3.0,143,2026-09-24 14:50:02,composicao reconstruida de NF (KITS-MAP-1),,,PENDENTE,,
chave_de_canal,KIT067,shopee|tiktok,apice,,2,nao,,,,,nenhuma,sem composicao: exige a BOM do fornecedor ou do Protheus,,PENDENTE,,
chave_de_canal,KIT068,shopee|tiktok,apice,,2,nao,,,,,nenhuma,sem composicao: exige a BOM do fornecedor ou do Protheus,,PENDENTE,,
chave_de_canal,KIT069,shopee|tiktok,apice,,3,sim,5,5.0,11,2026-09-22 11:45:20,composicao reconstruida de NF (KITS-MAP-1),,,PENDENTE,,
chave_de_canal,KIT070,shopee|tiktok,apice,,3,sim,5,5.0,540,2026-09-24 22:16:02,composicao reconstruida de NF (KITS-MAP-1),,,PENDENTE,,
chave_de_canal,KIT071,shopee|tiktok,apice,,2,sim,5,5.0,15,2026-09-21 07:04:54,composicao reconstruida de NF (KITS-MAP-1),,,PENDENTE,,
chave_de_canal,KIT072,shopee|tiktok,apice,,3,nao,,,,,nenhuma,sem composicao: exige a BOM do fornecedor ou do Protheus,,PENDENTE,,
chave_de_canal,KIT073,shopee|tiktok,apice,,4,sim,5,5.0,60,2026-09-21 16:42:00,composicao reconstruida de NF (KITS-MAP-1),,,PENDENTE,,
chave_de_canal,KIT074,shopee|tiktok,apice,,2,sim,2,2.0,148,2026-09-24 18:48:49,composicao reconstruida de NF (KITS-MAP-1),,,PENDENTE,,
chave_de_canal,KIT075,shopee|tiktok,apice,,3,sim,2,2.0,7,2026-09-18 06:49:09,composicao reconstruida de NF (KITS-MAP-1),,,PENDENTE,,
chave_de_canal,KIT076,shopee|tiktok,apice,,2,nao,,,,,nenhuma,sem composicao: exige a BOM do fornecedor ou do Protheus,,PENDENTE,,
chave_de_canal,KIT077,shopee|tiktok,apice,,2,nao,,,,,nenhuma,sem composicao: exige a BOM do fornecedor ou do Protheus,,PENDENTE,,
chave_de_canal,KIT078,shopee|tiktok,apice,,2,sim,4,4.0,2,2026-09-22 10:52:27,composicao reconstruida de NF (KITS-MAP-1),,,PENDENTE,,
chave_de_canal,KIT079,shopee|tiktok,apice,,2,nao,,,,,nenhuma,sem composicao: exige a BOM do fornecedor ou do Protheus,,PENDENTE,,
chave_de_canal,KIT080,shopee|tiktok,apice,,3,sim,5,5.0,5,2026-09-14 12:27:45,composicao reconstruida de NF (KITS-MAP-1),,,PENDENTE,,
chave_de_canal,KIT081,shopee|tiktok,apice,,2,sim,6,6.0,3,2026-09-22 21:27:59,composicao reconstruida de NF (KITS-MAP-1),,,PENDENTE,,
chave_de_canal,KIT084,shopee|tiktok,apice,,2,sim,2,2.0,45,2026-09-21 06:51:01,composicao reconstruida de NF (KITS-MAP-1),,,PENDENTE,,
chave_de_canal,KIT085,shopee|tiktok,apice,,2,sim,3,3.0,4,2026-09-14 12:09:06,composicao reconstruida de NF (KITS-MAP-1),,,PENDENTE,,
chave_de_canal,KIT086,shopee|tiktok,apice,,2,sim,2,2.0,38,2026-09-24 20:55:48,composicao reconstruida de NF (KITS-MAP-1),,,PENDENTE,,
chave_de_canal,KIT087,shopee|tiktok,apice,,2,sim,4,4.0,7,2026-09-23 21:08:47,composicao reconstruida de NF (KITS-MAP-1),,,PENDENTE,,
chave_de_canal,KIT088,shopee|tiktok,apice,,2,sim,5,5.0,49,2026-09-24 22:32:53,composicao reconstruida de NF (KITS-MAP-1),,,PENDENTE,,
chave_de_canal,KIT089,shopee|tiktok,apice,,2,sim,2,2.0,8,2026-09-21 07:03:34,composicao reconstruida de NF (KITS-MAP-1),,,PENDENTE,,
chave_de_canal,KIT090,shopee|tiktok,apice,,2,sim,2,2.0,45,2026-09-24 16:24:37,composicao reconstruida de NF (KITS-MAP-1),,,PENDENTE,,
chave_de_canal,KIT091,shopee|tiktok,apice,,2,sim,2,2.0,39,2026-09-23 12:54:18,composicao reconstruida de NF (KITS-MAP-1),,,PENDENTE,,
chave_de_canal,KIT092,shopee|tiktok,apice,,2,sim,2,2.0,53,2026-09-24 16:03:14,composicao reconstruida de NF (KITS-MAP-1),,,PENDENTE,,
chave_de_canal,KIT093,shopee|tiktok,apice,,2,sim,2,2.0,3,2026-09-14 12:24:17,composicao reconstruida de NF (KITS-MAP-1),,,PENDENTE,,
chave_de_canal,KIT094,shopee|tiktok,apice,,3,sim,5,5.0,28,2026-09-24 16:55:25,composicao reconstruida de NF (KITS-MAP-1),,,PENDENTE,,
chave_de_canal,KIT095,shopee|tiktok,apice,,2,nao,,,,,nenhuma,sem composicao: exige a BOM do fornecedor ou do Protheus,,PENDENTE,,
chave_de_canal,KIT096,shopee|tiktok,apice,,2,sim,2,2.0,94,2026-09-24 14:18:59,composicao reconstruida de NF (KITS-MAP-1),,,PENDENTE,,
chave_de_canal,KIT097,shopee|tiktok,apice,,2,sim,3,3.0,6,2026-09-21 16:31:40,composicao reconstruida de NF (KITS-MAP-1),,,PENDENTE,,
chave_de_canal,KIT098,shopee|tiktok,apice,,2,nao,,,,,nenhuma,sem composicao: exige a BOM do fornecedor ou do Protheus,,PENDENTE,,
chave_de_canal,KIT099,shopee|tiktok,apice,,2,nao,,,,,nenhuma,sem composicao: exige a BOM do fornecedor ou do Protheus,,PENDENTE,,
chave_de_canal,KIT100,shopee|tiktok,apice,,2,sim,2,2.0,5,2026-09-24 13:40:42,composicao reconstruida de NF (KITS-MAP-1),,,PENDENTE,,
chave_de_canal,VK35230,shopee|tiktok,apice,,2,nao,,,,,nenhuma,sem composicao: exige a BOM do fornecedor ou do Protheus,,PENDENTE,,
chave_de_canal,VK35231,shopee|tiktok,apice,,2,sim,2,2.0,47,2026-09-24 17:07:34,composicao reconstruida de NF (KITS-MAP-1),,,PENDENTE,,
chave_de_canal,VK35232,shopee|tiktok,apice,,2,sim,2,2.0,45,2026-08-04 13:21:49,composicao reconstruida de NF (KITS-MAP-1),,,PENDENTE,,
chave_de_canal,VKN35230,shopee|tiktok,apice,,2,nao,,,,,nenhuma,sem composicao: exige a BOM do fornecedor ou do Protheus,,PENDENTE,,
chave_de_canal,VKN35231,shopee|tiktok,apice,,2,sim,2,2.0,204,2026-09-24 14:22:02,composicao reconstruida de NF (KITS-MAP-1),,,PENDENTE,,
chave_de_canal,VKN35232,shopee|tiktok,apice,,2,sim,2,2.0,224,2026-08-08 04:49:20,composicao reconstruida de NF (KITS-MAP-1),,,PENDENTE,,
chave_de_canal,BB02090,shopee|tiktok,barbours,,2,nao,,,,,nenhuma,sem composicao: exige a BOM do fornecedor ou do Protheus,,PENDENTE,,
chave_de_canal,KIT001,shopee|tiktok,barbours,,7,sim,5,5.0,48,2026-09-24 22:31:33,composicao reconstruida de NF (KITS-MAP-1),,,PENDENTE,,
chave_de_canal,KIT002,shopee|tiktok,barbours,,3,sim,2,2.0,4,2026-07-26 13:15:02,composicao reconstruida de NF (KITS-MAP-1),,,PENDENTE,,
chave_de_canal,KIT003,shopee|tiktok,barbours,,2,sim,9,9.0,3,2026-09-19 17:33:12,composicao reconstruida de NF (KITS-MAP-1),,,PENDENTE,,
chave_de_canal,KIT004,shopee|tiktok,barbours,,3,sim,3,3.0,168,2026-09-24 21:37:40,composicao reconstruida de NF (KITS-MAP-1),,,PENDENTE,,
chave_de_canal,KIT005,shopee|tiktok,barbours,,2,sim,7,7.0,6,2026-09-23 22:00:25,composicao reconstruida de NF (KITS-MAP-1),,,PENDENTE,,
chave_de_canal,KIT006,shopee|tiktok,barbours,,3,sim,4,4.0,2,2026-09-20 20:40:44,composicao reconstruida de NF (KITS-MAP-1),,,PENDENTE,,
chave_de_canal,KIT007,shopee|tiktok,barbours,,2,sim,5,5.0,12,2026-09-23 15:10:35,composicao reconstruida de NF (KITS-MAP-1),,,PENDENTE,,
chave_de_canal,KIT008,shopee|tiktok,barbours,,2,sim,10,10.0,3,2026-09-24 10:44:32,composicao reconstruida de NF (KITS-MAP-1),,,PENDENTE,,
chave_de_canal,KIT009,shopee|tiktok,barbours,,2,sim,4,4.0,185,2026-09-24 16:11:39,composicao reconstruida de NF (KITS-MAP-1),,,PENDENTE,,
chave_de_canal,KIT010,shopee|tiktok,barbours,,2,sim,4,4.0,4,2026-08-31 15:06:28,composicao reconstruida de NF (KITS-MAP-1),,,PENDENTE,,
chave_de_canal,KIT011,shopee|tiktok,barbours,,5,sim,8,8.0,3,2026-09-19 20:14:05,composicao reconstruida de NF (KITS-MAP-1),,,PENDENTE,,
chave_de_canal,KIT012,shopee|tiktok,barbours,,2,sim,4,4.0,3,2026-09-13 19:53:11,composicao reconstruida de NF (KITS-MAP-1),,,PENDENTE,,
chave_de_canal,KIT013,shopee|tiktok,barbours,,2,sim,2,2.0,43,2026-09-10 12:57:56,composicao reconstruida de NF (KITS-MAP-1),,,PENDENTE,,
chave_de_canal,KIT014,shopee|tiktok,barbours,,2,sim,2,2.0,1,2026-07-12 10:43:07,composicao reconstruida de NF (KITS-MAP-1),,,PENDENTE,,
chave_de_canal,KIT015,shopee|tiktok,barbours,,2,sim,5,5.0,2,2026-09-05 22:46:50,composicao reconstruida de NF (KITS-MAP-1),,,PENDENTE,,
chave_de_canal,KIT016,shopee|tiktok,barbours,,2,sim,4,4.0,1,2026-09-22 02:11:13,composicao reconstruida de NF (KITS-MAP-1),,,PENDENTE,,
chave_de_canal,KIT017,shopee|tiktok,barbours,,2,sim,5,5.0,5,2026-09-09 12:30:29,composicao reconstruida de NF (KITS-MAP-1),,,PENDENTE,,
chave_de_canal,KIT018,shopee|tiktok,barbours,,2,nao,,,,,nenhuma,sem composicao: exige a BOM do fornecedor ou do Protheus,,PENDENTE,,
chave_de_canal,KIT019,shopee|tiktok,barbours,,2,sim,3,3.0,48,2026-09-22 13:08:44,composicao reconstruida de NF (KITS-MAP-1),,,PENDENTE,,
chave_de_canal,KIT020,shopee|tiktok,barbours,,2,sim,3,3.0,1,2026-07-08 17:03:37,composicao reconstruida de NF (KITS-MAP-1),,,PENDENTE,,
chave_de_canal,KIT021,shopee|tiktok,barbours,,4,nao,,,,,nenhuma,sem composicao: exige a BOM do fornecedor ou do Protheus,,PENDENTE,,
chave_de_canal,KIT022,shopee|tiktok,barbours,,5,sim,6,6.0,1,2026-07-29 14:55:55,composicao reconstruida de NF (KITS-MAP-1),,,PENDENTE,,
chave_de_canal,KIT023,shopee|tiktok,barbours,,2,sim,4,4.0,7,2026-09-21 06:47:29,composicao reconstruida de NF (KITS-MAP-1),,,PENDENTE,,
chave_de_canal,KIT024,shopee|tiktok,barbours,,3,sim,3,3.0,3,2026-07-14 06:18:47,composicao reconstruida de NF (KITS-MAP-1),,,PENDENTE,,
chave_de_canal,KIT025,shopee|tiktok,barbours,,3,sim,7,7.0,10,2026-09-18 06:44:48,composicao reconstruida de NF (KITS-MAP-1),,,PENDENTE,,
chave_de_canal,KIT026,shopee|tiktok,barbours,,3,sim,3,3.0,22,2026-07-29 21:07:14,composicao reconstruida de NF (KITS-MAP-1),,,PENDENTE,,
chave_de_canal,KIT027,shopee|tiktok,barbours,,2,sim,4,4.0,3,2026-09-09 20:47:37,composicao reconstruida de NF (KITS-MAP-1),,,PENDENTE,,
chave_de_canal,KIT028,shopee|tiktok,barbours,,2,nao,,,,,nenhuma,sem composicao: exige a BOM do fornecedor ou do Protheus,,PENDENTE,,
chave_de_canal,KIT029,shopee|tiktok,barbours,,2,sim,6,6.0,45,2026-09-22 09:36:46,composicao reconstruida de NF (KITS-MAP-1),,,PENDENTE,,
chave_de_canal,KIT030,shopee|tiktok,barbours,,2,nao,,,,,nenhuma,sem composicao: exige a BOM do fornecedor ou do Protheus,,PENDENTE,,
chave_de_canal,KIT031,shopee|tiktok,barbours,,2,sim,2,2.0,51,2026-09-21 07:18:52,composicao reconstruida de NF (KITS-MAP-1),,,PENDENTE,,
chave_de_canal,KIT032,shopee|tiktok,barbours,,2,nao,,,,,nenhuma,sem composicao: exige a BOM do fornecedor ou do Protheus,,PENDENTE,,
chave_de_canal,KIT033,shopee|tiktok,barbours,,2,sim,3,3.0,6,2026-09-09 21:00:51,composicao reconstruida de NF (KITS-MAP-1),,,PENDENTE,,
chave_de_canal,KIT034,shopee|tiktok,barbours,,2,nao,,,,,nenhuma,sem composicao: exige a BOM do fornecedor ou do Protheus,,PENDENTE,,
chave_de_canal,KIT035,shopee|tiktok,barbours,,3,sim,3,3.0,130,2026-09-24 23:17:50,composicao reconstruida de NF (KITS-MAP-1),,,PENDENTE,,
chave_de_canal,KIT036,shopee|tiktok,barbours,,2,nao,,,,,nenhuma,sem composicao: exige a BOM do fornecedor ou do Protheus,,PENDENTE,,
chave_de_canal,KIT037,shopee|tiktok,barbours,,2,sim,3,3.0,167,2026-09-24 12:04:19,composicao reconstruida de NF (KITS-MAP-1),,,PENDENTE,,
chave_de_canal,KIT038,shopee|tiktok,barbours,,2,nao,,,,,nenhuma,sem composicao: exige a BOM do fornecedor ou do Protheus,,PENDENTE,,
chave_de_canal,KIT039,shopee|tiktok,barbours,,2,nao,,,,,nenhuma,sem composicao: exige a BOM do fornecedor ou do Protheus,,PENDENTE,,
chave_de_canal,KIT040,shopee|tiktok,barbours,,3,nao,,,,,nenhuma,sem composicao: exige a BOM do fornecedor ou do Protheus,,PENDENTE,,
chave_de_canal,KIT041,shopee|tiktok,barbours,,2,sim,7,7.0,5,2026-09-24 22:06:35,composicao reconstruida de NF (KITS-MAP-1),,,PENDENTE,,
chave_de_canal,KIT042,shopee|tiktok,barbours,,2,nao,,,,,nenhuma,sem composicao: exige a BOM do fornecedor ou do Protheus,,PENDENTE,,
chave_de_canal,KIT043,shopee|tiktok,barbours,,2,nao,,,,,nenhuma,sem composicao: exige a BOM do fornecedor ou do Protheus,,PENDENTE,,
chave_de_canal,KIT044,shopee|tiktok,barbours,,2,nao,,,,,nenhuma,sem composicao: exige a BOM do fornecedor ou do Protheus,,PENDENTE,,
chave_de_canal,KIT045,shopee|tiktok,barbours,,3,sim,2,2.0,4,2026-09-09 23:44:40,composicao reconstruida de NF (KITS-MAP-1),,,PENDENTE,,
chave_de_canal,KIT046,shopee|tiktok,barbours,,2,sim,3,3.0,48,2026-09-23 19:26:21,composicao reconstruida de NF (KITS-MAP-1),,,PENDENTE,,
chave_de_canal,KIT047,shopee|tiktok,barbours,,2,sim,3,3.0,13,2026-09-04 21:50:02,composicao reconstruida de NF (KITS-MAP-1),,,PENDENTE,,
chave_de_canal,KIT048,shopee|tiktok,barbours,,2,sim,5,5.0,5,2026-09-24 23:11:28,composicao reconstruida de NF (KITS-MAP-1),,,PENDENTE,,
chave_de_canal,KIT049,shopee|tiktok,barbours,,2,nao,,,,,nenhuma,sem composicao: exige a BOM do fornecedor ou do Protheus,,PENDENTE,,
chave_de_canal,KIT050,tiktok,barbours,,1,nao,,,,,nenhuma,sem composicao: exige a BOM do fornecedor ou do Protheus,,PENDENTE,,
chave_de_canal,KIT051,shopee|tiktok,barbours,,3,sim,2,2.0,3,2026-09-12 13:03:21,composicao reconstruida de NF (KITS-MAP-1),,,PENDENTE,,
chave_de_canal,KIT052,shopee|tiktok,barbours,,2,sim,3,3.0,9,2026-07-31 13:26:27,composicao reconstruida de NF (KITS-MAP-1),,,PENDENTE,,
chave_de_canal,KIT053,tiktok,barbours,,1,nao,,,,,nenhuma,sem composicao: exige a BOM do fornecedor ou do Protheus,,PENDENTE,,
chave_de_canal,KIT056,shopee|tiktok,barbours,,3,sim,4,4.0,7,2026-08-29 11:31:34,composicao reconstruida de NF (KITS-MAP-1),,,PENDENTE,,
chave_de_canal,KIT057,shopee|tiktok,barbours,,2,sim,3,3.0,3,2026-07-23 08:50:27,composicao reconstruida de NF (KITS-MAP-1),,,PENDENTE,,
chave_de_canal,KIT058,shopee|tiktok,barbours,,2,sim,7,7.0,3,2026-09-17 07:39:37,composicao reconstruida de NF (KITS-MAP-1),,,PENDENTE,,
chave_de_canal,KIT059,shopee|tiktok,barbours,,3,nao,,,,,nenhuma,sem composicao: exige a BOM do fornecedor ou do Protheus,,PENDENTE,,
chave_de_canal,KIT060,shopee|tiktok,barbours,,2,nao,,,,,nenhuma,sem composicao: exige a BOM do fornecedor ou do Protheus,,PENDENTE,,
chave_de_canal,KIT061,shopee|tiktok,barbours,,2,nao,,,,,nenhuma,sem composicao: exige a BOM do fornecedor ou do Protheus,,PENDENTE,,
chave_de_canal,KIT062,shopee|tiktok,barbours,,2,nao,,,,,nenhuma,sem composicao: exige a BOM do fornecedor ou do Protheus,,PENDENTE,,
chave_de_canal,KIT063,shopee|tiktok,barbours,,2,nao,,,,,nenhuma,sem composicao: exige a BOM do fornecedor ou do Protheus,,PENDENTE,,
chave_de_canal,KIT064,shopee|tiktok,barbours,,2,nao,,,,,nenhuma,sem composicao: exige a BOM do fornecedor ou do Protheus,,PENDENTE,,
chave_de_canal,KIT065,shopee|tiktok,barbours,,2,nao,,,,,nenhuma,sem composicao: exige a BOM do fornecedor ou do Protheus,,PENDENTE,,
chave_de_canal,KIT066,shopee|tiktok,barbours,,2,sim,3,3.0,143,2026-09-24 14:50:02,composicao reconstruida de NF (KITS-MAP-1),,,PENDENTE,,
chave_de_canal,KIT067,shopee|tiktok,barbours,,2,nao,,,,,nenhuma,sem composicao: exige a BOM do fornecedor ou do Protheus,,PENDENTE,,
chave_de_canal,KIT068,shopee|tiktok,barbours,,2,nao,,,,,nenhuma,sem composicao: exige a BOM do fornecedor ou do Protheus,,PENDENTE,,
chave_de_canal,KIT069,shopee|tiktok,barbours,,2,sim,5,5.0,11,2026-09-22 11:45:20,composicao reconstruida de NF (KITS-MAP-1),,,PENDENTE,,
chave_de_canal,KIT070,shopee|tiktok,barbours,,2,sim,5,5.0,540,2026-09-24 22:16:02,composicao reconstruida de NF (KITS-MAP-1),,,PENDENTE,,
chave_de_canal,KIT071,shopee|tiktok,barbours,,2,sim,5,5.0,15,2026-09-21 07:04:54,composicao reconstruida de NF (KITS-MAP-1),,,PENDENTE,,
chave_de_canal,KIT072,shopee|tiktok,barbours,,2,nao,,,,,nenhuma,sem composicao: exige a BOM do fornecedor ou do Protheus,,PENDENTE,,
chave_de_canal,KIT073,shopee|tiktok,barbours,,2,sim,5,5.0,60,2026-09-21 16:42:00,composicao reconstruida de NF (KITS-MAP-1),,,PENDENTE,,
chave_de_canal,KIT074,shopee|tiktok,barbours,,2,sim,2,2.0,148,2026-09-24 18:48:49,composicao reconstruida de NF (KITS-MAP-1),,,PENDENTE,,
chave_de_canal,KIT075,shopee|tiktok,barbours,,2,sim,2,2.0,7,2026-09-18 06:49:09,composicao reconstruida de NF (KITS-MAP-1),,,PENDENTE,,
chave_de_canal,KIT076,shopee|tiktok,barbours,,2,nao,,,,,nenhuma,sem composicao: exige a BOM do fornecedor ou do Protheus,,PENDENTE,,
chave_de_canal,KIT077,shopee|tiktok,barbours,,2,nao,,,,,nenhuma,sem composicao: exige a BOM do fornecedor ou do Protheus,,PENDENTE,,
chave_de_canal,KIT078,shopee|tiktok,barbours,,2,sim,4,4.0,2,2026-09-22 10:52:27,composicao reconstruida de NF (KITS-MAP-1),,,PENDENTE,,
chave_de_canal,KIT079,shopee|tiktok,barbours,,2,nao,,,,,nenhuma,sem composicao: exige a BOM do fornecedor ou do Protheus,,PENDENTE,,
chave_de_canal,KIT080,shopee|tiktok,barbours,,2,sim,5,5.0,5,2026-09-14 12:27:45,composicao reconstruida de NF (KITS-MAP-1),,,PENDENTE,,
chave_de_canal,KIT081,shopee|tiktok,barbours,,2,sim,6,6.0,3,2026-09-22 21:27:59,composicao reconstruida de NF (KITS-MAP-1),,,PENDENTE,,
chave_de_canal,KIT082,tiktok,barbours,,1,nao,,,,,nenhuma,sem composicao: exige a BOM do fornecedor ou do Protheus,,PENDENTE,,
chave_de_canal,KIT083,shopee|tiktok,barbours,,2,nao,,,,,nenhuma,sem composicao: exige a BOM do fornecedor ou do Protheus,,PENDENTE,,
chave_de_canal,KIT084,shopee|tiktok,barbours,,2,sim,2,2.0,45,2026-09-21 06:51:01,composicao reconstruida de NF (KITS-MAP-1),,,PENDENTE,,
chave_de_canal,KIT085,shopee|tiktok,barbours,,2,sim,3,3.0,4,2026-09-14 12:09:06,composicao reconstruida de NF (KITS-MAP-1),,,PENDENTE,,
chave_de_canal,KIT086,tiktok,barbours,,1,sim,2,2.0,38,2026-09-24 20:55:48,composicao reconstruida de NF (KITS-MAP-1),,,PENDENTE,,
chave_de_canal,KIT087,tiktok,barbours,,1,sim,4,4.0,7,2026-09-23 21:08:47,composicao reconstruida de NF (KITS-MAP-1),,,PENDENTE,,
chave_de_canal,KIT088,tiktok,barbours,,1,sim,5,5.0,49,2026-09-24 22:32:53,composicao reconstruida de NF (KITS-MAP-1),,,PENDENTE,,
chave_de_canal,KIT089,tiktok,barbours,,1,sim,2,2.0,8,2026-09-21 07:03:34,composicao reconstruida de NF (KITS-MAP-1),,,PENDENTE,,
chave_de_canal,KIT090,shopee|tiktok,barbours,,2,sim,2,2.0,45,2026-09-24 16:24:37,composicao reconstruida de NF (KITS-MAP-1),,,PENDENTE,,
chave_de_canal,KIT091,shopee|tiktok,barbours,,2,sim,2,2.0,39,2026-09-23 12:54:18,composicao reconstruida de NF (KITS-MAP-1),,,PENDENTE,,
chave_de_canal,KIT092,shopee|tiktok,barbours,,2,sim,2,2.0,53,2026-09-24 16:03:14,composicao reconstruida de NF (KITS-MAP-1),,,PENDENTE,,
chave_de_canal,KIT093,shopee|tiktok,barbours,,2,sim,2,2.0,3,2026-09-14 12:24:17,composicao reconstruida de NF (KITS-MAP-1),,,PENDENTE,,
chave_de_canal,KIT094,shopee|tiktok,barbours,,2,sim,5,5.0,28,2026-09-24 16:55:25,composicao reconstruida de NF (KITS-MAP-1),,,PENDENTE,,
chave_de_canal,KIT095,shopee|tiktok,barbours,,2,nao,,,,,nenhuma,sem composicao: exige a BOM do fornecedor ou do Protheus,,PENDENTE,,
chave_de_canal,KIT096,shopee|tiktok,barbours,,2,sim,2,2.0,94,2026-09-24 14:18:59,composicao reconstruida de NF (KITS-MAP-1),,,PENDENTE,,
chave_de_canal,KIT097,shopee|tiktok,barbours,,2,sim,3,3.0,6,2026-09-21 16:31:40,composicao reconstruida de NF (KITS-MAP-1),,,PENDENTE,,
chave_de_canal,KIT098,shopee|tiktok,barbours,,2,nao,,,,,nenhuma,sem composicao: exige a BOM do fornecedor ou do Protheus,,PENDENTE,,
chave_de_canal,KIT099,shopee|tiktok,barbours,,2,nao,,,,,nenhuma,sem composicao: exige a BOM do fornecedor ou do Protheus,,PENDENTE,,
chave_de_canal,KIT100,shopee|tiktok,barbours,,2,sim,2,2.0,5,2026-09-24 13:40:42,composicao reconstruida de NF (KITS-MAP-1),,,PENDENTE,,
chave_de_canal,KIT101,shopee|tiktok,barbours,,2,nao,,,,,nenhuma,sem composicao: exige a BOM do fornecedor ou do Protheus,,PENDENTE,,
chave_de_canal,KIT102,shopee|tiktok,barbours,,2,nao,,,,,nenhuma,sem composicao: exige a BOM do fornecedor ou do Protheus,,PENDENTE,,
chave_de_canal,KIT103,shopee|tiktok,barbours,,2,nao,,,,,nenhuma,sem composicao: exige a BOM do fornecedor ou do Protheus,,PENDENTE,,
chave_de_canal,KIT104,shopee|tiktok,barbours,,3,sim,3,3.0,2,2026-07-14 06:21:33,composicao reconstruida de NF (KITS-MAP-1),,,PENDENTE,,
chave_de_canal,KIT105,shopee|tiktok,barbours,,2,sim,2,2.0,3,2026-07-17 12:58:46,composicao reconstruida de NF (KITS-MAP-1),,,PENDENTE,,
chave_de_canal,KIT106,shopee|tiktok,barbours,,2,nao,,,,,nenhuma,sem composicao: exige a BOM do fornecedor ou do Protheus,,PENDENTE,,
chave_de_canal,KIT107,shopee|tiktok,barbours,,2,sim,3,3.0,7,2026-08-12 16:07:34,composicao reconstruida de NF (KITS-MAP-1),,,PENDENTE,,
chave_de_canal,KIT108,shopee|tiktok,barbours,,3,sim,3,3.0,3,2026-09-04 16:34:08,composicao reconstruida de NF (KITS-MAP-1),,,PENDENTE,,
chave_de_canal,KIT109,shopee|tiktok,barbours,,3,sim,3,3.0,1,2026-08-11 12:38:14,composicao reconstruida de NF (KITS-MAP-1),,,PENDENTE,,
chave_de_canal,KIT110,shopee|tiktok,barbours,,3,sim,3,3.0,5,2026-09-04 16:26:19,composicao reconstruida de NF (KITS-MAP-1),,,PENDENTE,,
chave_de_canal,KIT111,shopee|tiktok,barbours,,3,sim,2,2.0,116,2026-09-20 17:32:59,composicao reconstruida de NF (KITS-MAP-1),,,PENDENTE,,
chave_de_canal,KIT112,shopee|tiktok,barbours,,2,nao,,,,,nenhuma,sem composicao: exige a BOM do fornecedor ou do Protheus,,PENDENTE,,
chave_de_canal,KIT113,shopee|tiktok,barbours,,3,sim,3,3.0,39,2026-07-30 10:49:01,composicao reconstruida de NF (KITS-MAP-1),,,PENDENTE,,
chave_de_canal,KIT114,shopee|tiktok,barbours,,2,sim,3,3.0,33,2026-09-08 01:46:40,composicao reconstruida de NF (KITS-MAP-1),,,PENDENTE,,
chave_de_canal,KIT115,shopee|tiktok,barbours,,2,sim,3,3.0,11,2026-07-23 19:23:37,composicao reconstruida de NF (KITS-MAP-1),,,PENDENTE,,
chave_de_canal,KIT116,shopee|tiktok,barbours,,3,sim,2,2.0,23,2026-06-29 19:51:45,composicao reconstruida de NF (KITS-MAP-1),,,PENDENTE,,
chave_de_canal,KIT117,shopee|tiktok,barbours,,4,sim,2,2.0,175,2026-09-24 20:33:44,composicao reconstruida de NF (KITS-MAP-1),,,PENDENTE,,
chave_de_canal,KIT118,shopee|tiktok,barbours,,2,nao,,,,,nenhuma,sem composicao: exige a BOM do fornecedor ou do Protheus,,PENDENTE,,
chave_de_canal,KIT119,shopee|tiktok,barbours,,2,sim,2,2.0,231,2026-09-03 20:10:35,composicao reconstruida de NF (KITS-MAP-1),,,PENDENTE,,
chave_de_canal,KIT120,shopee|tiktok,barbours,,2,sim,3,3.0,1,2026-08-20 09:25:32,composicao reconstruida de NF (KITS-MAP-1),,,PENDENTE,,
chave_de_canal,KIT121,shopee|tiktok,barbours,,2,sim,3,3.0,6,2026-08-16 17:28:59,composicao reconstruida de NF (KITS-MAP-1),,,PENDENTE,,
chave_de_canal,KIT122,shopee|tiktok,barbours,,2,nao,,,,,nenhuma,sem composicao: exige a BOM do fornecedor ou do Protheus,,PENDENTE,,
chave_de_canal,KIT123,shopee|tiktok,barbours,,2,nao,,,,,nenhuma,sem composicao: exige a BOM do fornecedor ou do Protheus,,PENDENTE,,
chave_de_canal,KIT124,shopee|tiktok,barbours,,2,sim,3,3.0,46,2026-09-22 15:49:08,composicao reconstruida de NF (KITS-MAP-1),,,PENDENTE,,
chave_de_canal,KIT125,shopee|tiktok,barbours,,2,sim,3,3.0,6,2026-09-11 11:49:12,composicao reconstruida de NF (KITS-MAP-1),,,PENDENTE,,
chave_de_canal,KIT126,shopee|tiktok,barbours,,2,nao,,,,,nenhuma,sem composicao: exige a BOM do fornecedor ou do Protheus,,PENDENTE,,
chave_de_canal,KIT127,shopee|tiktok,barbours,,2,sim,2,2.0,33,2026-09-18 18:07:32,composicao reconstruida de NF (KITS-MAP-1),,,PENDENTE,,
chave_de_canal,KIT128,shopee|tiktok,barbours,,2,sim,3,3.0,7,2026-09-09 20:03:14,composicao reconstruida de NF (KITS-MAP-1),,,PENDENTE,,
chave_de_canal,KIT129,shopee|tiktok,barbours,,3,nao,,,,,nenhuma,sem composicao: exige a BOM do fornecedor ou do Protheus,,PENDENTE,,
chave_de_canal,KIT130,shopee|tiktok,barbours,,3,sim,2,2.0,6,2026-08-11 16:01:40,composicao reconstruida de NF (KITS-MAP-1),,,PENDENTE,,
chave_de_canal,KIT131,shopee|tiktok,barbours,,2,sim,2,2.0,3,2026-08-12 15:49:26,composicao reconstruida de NF (KITS-MAP-1),,,PENDENTE,,
chave_de_canal,KIT132,shopee|tiktok,barbours,,2,nao,,,,,nenhuma,sem composicao: exige a BOM do fornecedor ou do Protheus,,PENDENTE,,
chave_de_canal,KIT133,shopee|tiktok,barbours,,2,sim,2,2.0,4,2026-08-20 21:29:10,composicao reconstruida de NF (KITS-MAP-1),,,PENDENTE,,
chave_de_canal,KIT134,shopee|tiktok,barbours,,2,nao,,,,,nenhuma,sem composicao: exige a BOM do fornecedor ou do Protheus,,PENDENTE,,
chave_de_canal,KIT135,shopee|tiktok,barbours,,3,nao,,,,,nenhuma,sem composicao: exige a BOM do fornecedor ou do Protheus,,PENDENTE,,
chave_de_canal,KIT136,shopee|tiktok,barbours,,3,sim,2,2.0,10,2026-07-10 14:55:55,composicao reconstruida de NF (KITS-MAP-1),,,PENDENTE,,
chave_de_canal,KIT137,tiktok,barbours,,1,nao,,,,,nenhuma,sem composicao: exige a BOM do fornecedor ou do Protheus,,PENDENTE,,
chave_de_canal,KIT138,shopee|tiktok,barbours,,2,sim,2,2.0,1,2026-09-24 14:30:41,composicao reconstruida de NF (KITS-MAP-1),,,PENDENTE,,
chave_de_canal,KIT139,shopee|tiktok,barbours,,3,nao,,,,,nenhuma,sem composicao: exige a BOM do fornecedor ou do Protheus,,PENDENTE,,
chave_de_canal,KIT140,shopee|tiktok,barbours,,3,sim,4,4.0,1,2026-09-04 08:59:15,composicao reconstruida de NF (KITS-MAP-1),,,PENDENTE,,
chave_de_canal,KIT141,shopee|tiktok,barbours,,2,sim,4,4.0,1,2026-09-04 16:45:44,composicao reconstruida de NF (KITS-MAP-1),,,PENDENTE,,
chave_de_canal,KIT142,shopee|tiktok,barbours,,2,sim,2,2.0,154,2026-09-24 20:39:06,composicao reconstruida de NF (KITS-MAP-1),,,PENDENTE,,
chave_de_canal,KIT143,shopee|tiktok,barbours,,3,sim,2,2.0,48,2026-09-24 05:20:11,composicao reconstruida de NF (KITS-MAP-1),,,PENDENTE,,
chave_de_canal,KIT144,shopee|tiktok,barbours,,2,sim,4,4.0,2,2026-08-18 23:45:57,composicao reconstruida de NF (KITS-MAP-1),,,PENDENTE,,
chave_de_canal,KIT145,shopee|tiktok,barbours,,2,sim,3,3.0,22,2026-07-22 00:16:15,composicao reconstruida de NF (KITS-MAP-1),,,PENDENTE,,
chave_de_canal,KIT146,shopee|tiktok,barbours,,3,sim,6,6.0,154,2026-09-24 10:32:10,composicao reconstruida de NF (KITS-MAP-1),,,PENDENTE,,
chave_de_canal,KIT147,shopee|tiktok,barbours,,2,sim,4,4.0,15,2026-09-24 14:02:45,composicao reconstruida de NF (KITS-MAP-1),,,PENDENTE,,
chave_de_canal,KIT148,shopee|tiktok,barbours,,2,sim,2,2.0,10,2026-09-04 18:03:01,composicao reconstruida de NF (KITS-MAP-1),,,PENDENTE,,
chave_de_canal,KIT149,shopee|tiktok,barbours,,2,nao,,,,,nenhuma,sem composicao: exige a BOM do fornecedor ou do Protheus,,PENDENTE,,
chave_de_canal,KIT150,shopee|tiktok,barbours,,2,sim,6,6.0,266,2026-09-24 21:43:25,composicao reconstruida de NF (KITS-MAP-1),,,PENDENTE,,
chave_de_canal,KIT151,shopee|tiktok,barbours,,3,nao,,,,,nenhuma,sem composicao: exige a BOM do fornecedor ou do Protheus,,PENDENTE,,
chave_de_canal,KIT152,shopee|tiktok,barbours,,2,sim,6,6.0,2,2026-08-12 15:00:43,composicao reconstruida de NF (KITS-MAP-1),,,PENDENTE,,
chave_de_canal,KIT153,shopee|tiktok,barbours,,2,sim,6,6.0,5,2026-09-09 12:04:36,composicao reconstruida de NF (KITS-MAP-1),,,PENDENTE,,
chave_de_canal,KIT154,shopee|tiktok,barbours,,2,sim,6,6.0,25,2026-09-14 12:58:21,composicao reconstruida de NF (KITS-MAP-1),,,PENDENTE,,
chave_de_canal,KIT155,shopee|tiktok,barbours,,3,sim,3,3.0,7,2026-09-09 21:39:45,composicao reconstruida de NF (KITS-MAP-1),,,PENDENTE,,
chave_de_canal,KIT156,shopee|tiktok,barbours,,2,sim,2,2.0,2,2026-09-12 12:40:14,composicao reconstruida de NF (KITS-MAP-1),,,PENDENTE,,
chave_de_canal,KIT157,shopee|tiktok,barbours,,2,sim,2,2.0,3,2026-09-04 14:28:17,composicao reconstruida de NF (KITS-MAP-1),,,PENDENTE,,
chave_de_canal,KIT158,shopee|tiktok,barbours,,2,sim,2,2.0,4,2026-09-09 21:25:20,composicao reconstruida de NF (KITS-MAP-1),,,PENDENTE,,
chave_de_canal,KIT159,shopee|tiktok,barbours,,2,nao,,,,,nenhuma,sem composicao: exige a BOM do fornecedor ou do Protheus,,PENDENTE,,
chave_de_canal,KIT160,shopee|tiktok,barbours,,2,sim,2,2.0,16,2026-09-23 22:52:30,composicao reconstruida de NF (KITS-MAP-1),,,PENDENTE,,
chave_de_canal,KIT161,shopee|tiktok,barbours,,2,sim,2,2.0,2,2026-08-11 22:53:35,composicao reconstruida de NF (KITS-MAP-1),,,PENDENTE,,
chave_de_canal,KIT162,shopee|tiktok,barbours,,2,nao,,,,,nenhuma,sem composicao: exige a BOM do fornecedor ou do Protheus,,PENDENTE,,
chave_de_canal,KIT163,shopee|tiktok,barbours,,3,nao,,,,,nenhuma,sem composicao: exige a BOM do fornecedor ou do Protheus,,PENDENTE,,
chave_de_canal,KIT164,shopee|tiktok,barbours,,2,nao,,,,,nenhuma,sem composicao: exige a BOM do fornecedor ou do Protheus,,PENDENTE,,
chave_de_canal,KIT165,shopee|tiktok,barbours,,2,sim,4,4.0,3,2026-09-24 23:46:55,composicao reconstruida de NF (KITS-MAP-1),,,PENDENTE,,
chave_de_canal,KIT166,shopee|tiktok,barbours,,2,nao,,,,,nenhuma,sem composicao: exige a BOM do fornecedor ou do Protheus,,PENDENTE,,
chave_de_canal,DENAPAUSA02,tiktok,denavita,,1,nao,,,,,nenhuma,sem composicao: exige a BOM do fornecedor ou do Protheus,,PENDENTE,,
chave_de_canal,DENAPAUSA03,tiktok,denavita,,1,nao,,,,,nenhuma,sem composicao: exige a BOM do fornecedor ou do Protheus,,PENDENTE,,
chave_de_canal,DVCOL02-1,tiktok,denavita,,1,nao,,,,,nenhuma,sem composicao: exige a BOM do fornecedor ou do Protheus,,PENDENTE,,
chave_de_canal,DVCOL03,tiktok,denavita,,1,nao,,,,,nenhuma,sem composicao: exige a BOM do fornecedor ou do Protheus,,PENDENTE,,
chave_de_canal,DVCOQ003,tiktok,denavita,,1,nao,,,,,nenhuma,sem composicao: exige a BOM do fornecedor ou do Protheus,,PENDENTE,,
chave_de_canal,DVCOQCHLO,tiktok,denavita,,1,nao,,,,,nenhuma,sem composicao: exige a BOM do fornecedor ou do Protheus,,PENDENTE,,
chave_de_canal,DVLM02,tiktok,denavita,,1,nao,,,,,nenhuma,sem composicao: exige a BOM do fornecedor ou do Protheus,,PENDENTE,,
chave_de_canal,DVLM03,tiktok,denavita,,2,nao,,,,,nenhuma,sem composicao: exige a BOM do fornecedor ou do Protheus,,PENDENTE,,
chave_de_canal,DVLM05,tiktok,denavita,,2,nao,,,,,nenhuma,sem composicao: exige a BOM do fornecedor ou do Protheus,,PENDENTE,,
chave_de_canal,DVLMCOL,tiktok,denavita,,1,nao,,,,,nenhuma,sem composicao: exige a BOM do fornecedor ou do Protheus,,PENDENTE,,
chave_de_canal,DVLMCOQ,tiktok,denavita,,1,nao,,,,,nenhuma,sem composicao: exige a BOM do fornecedor ou do Protheus,,PENDENTE,,
chave_de_canal,DVLMTONS,tiktok,denavita,,1,nao,,,,,nenhuma,sem composicao: exige a BOM do fornecedor ou do Protheus,,PENDENTE,,
chave_de_canal,DVMAG02,tiktok,denavita,,1,nao,,,,,nenhuma,sem composicao: exige a BOM do fornecedor ou do Protheus,,PENDENTE,,
chave_de_canal,DVMAG03,tiktok,denavita,,1,nao,,,,,nenhuma,sem composicao: exige a BOM do fornecedor ou do Protheus,,PENDENTE,,
chave_de_canal,DVMAI2,tiktok,denavita,,1,nao,,,,,nenhuma,sem composicao: exige a BOM do fornecedor ou do Protheus,,PENDENTE,,
chave_de_canal,DVMAI3,tiktok,denavita,,1,nao,,,,,nenhuma,sem composicao: exige a BOM do fornecedor ou do Protheus,,PENDENTE,,
chave_de_canal,DVMEL02-1,tiktok,denavita,,1,nao,,,,,nenhuma,sem composicao: exige a BOM do fornecedor ou do Protheus,,PENDENTE,,
chave_de_canal,DVNAC2,tiktok,denavita,,1,nao,,,,,nenhuma,sem composicao: exige a BOM do fornecedor ou do Protheus,,PENDENTE,,
chave_de_canal,DVNAC3,tiktok,denavita,,1,nao,,,,,nenhuma,sem composicao: exige a BOM do fornecedor ou do Protheus,,PENDENTE,,
chave_de_canal,DVOME003,tiktok,denavita,,1,nao,,,,,nenhuma,sem composicao: exige a BOM do fornecedor ou do Protheus,,PENDENTE,,
chave_de_canal,DVQUI02-1,tiktok,denavita,,1,nao,,,,,nenhuma,sem composicao: exige a BOM do fornecedor ou do Protheus,,PENDENTE,,
chave_de_canal,DVQUILM,tiktok,denavita,,1,nao,,,,,nenhuma,sem composicao: exige a BOM do fornecedor ou do Protheus,,PENDENTE,,
chave_de_canal,DVQUITO03-1,tiktok,denavita,,1,nao,,,,,nenhuma,sem composicao: exige a BOM do fornecedor ou do Protheus,,PENDENTE,,
chave_de_canal,DVSPI003,tiktok,denavita,,1,nao,,,,,nenhuma,sem composicao: exige a BOM do fornecedor ou do Protheus,,PENDENTE,,
chave_de_canal,DVTONS03-1,tiktok,denavita,,1,nao,,,,,nenhuma,sem composicao: exige a BOM do fornecedor ou do Protheus,,PENDENTE,,
chave_de_canal,DVTRANS002-11,tiktok,denavita,,1,nao,,,,,nenhuma,sem composicao: exige a BOM do fornecedor ou do Protheus,,PENDENTE,,
chave_de_canal,DVTRANS03-1,tiktok,denavita,,1,nao,,,,,nenhuma,sem composicao: exige a BOM do fornecedor ou do Protheus,,PENDENTE,,
chave_de_canal,DVTRI2,tiktok,denavita,,1,nao,,,,,nenhuma,sem composicao: exige a BOM do fornecedor ou do Protheus,,PENDENTE,,
chave_de_canal,DVTRI3,tiktok,denavita,,1,nao,,,,,nenhuma,sem composicao: exige a BOM do fornecedor ou do Protheus,,PENDENTE,,
chave_de_canal,JEJOOM02,tiktok,denavita,,1,nao,,,,,nenhuma,sem composicao: exige a BOM do fornecedor ou do Protheus,,PENDENTE,,
chave_de_canal,KCOL02,tiktok,denavita,,1,nao,,,,,nenhuma,sem composicao: exige a BOM do fornecedor ou do Protheus,,PENDENTE,,
chave_de_canal,KDIG02,tiktok,denavita,,1,nao,,,,,nenhuma,sem composicao: exige a BOM do fornecedor ou do Protheus,,PENDENTE,,
chave_de_canal,KDIG03-1,tiktok,denavita,,1,nao,,,,,nenhuma,sem composicao: exige a BOM do fornecedor ou do Protheus,,PENDENTE,,
chave_de_canal,KDIG05,tiktok,denavita,,1,nao,,,,,nenhuma,sem composicao: exige a BOM do fornecedor ou do Protheus,,PENDENTE,,
chave_de_canal,KGVM02,tiktok,denavita,,1,nao,,,,,nenhuma,sem composicao: exige a BOM do fornecedor ou do Protheus,,PENDENTE,,
chave_de_canal,KGVM03,tiktok,denavita,,1,nao,,,,,nenhuma,sem composicao: exige a BOM do fornecedor ou do Protheus,,PENDENTE,,
chave_de_canal,KGVM05,tiktok,denavita,,1,nao,,,,,nenhuma,sem composicao: exige a BOM do fornecedor ou do Protheus,,PENDENTE,,
chave_de_canal,KIT2COENZIMA3X1DENAVITA-1,tiktok,denavita,,1,nao,,,,,nenhuma,sem composicao: exige a BOM do fornecedor ou do Protheus,,PENDENTE,,
chave_de_canal,KIT2LARANJAMORODENAVITAA,tiktok,denavita,,1,nao,,,,,nenhuma,sem composicao: exige a BOM do fornecedor ou do Protheus,,PENDENTE,,
chave_de_canal,KIT2OMEGA33X1DENAVITA-1,tiktok,denavita,,1,nao,,,,,nenhuma,sem composicao: exige a BOM do fornecedor ou do Protheus,,PENDENTE,,
chave_de_canal,KIT2SPIRULINA2X1DENAVITA-1,tiktok,denavita,,1,nao,,,,,nenhuma,sem composicao: exige a BOM do fornecedor ou do Protheus,,PENDENTE,,
chave_de_canal,KITFJ1,tiktok,denavita,,1,nao,,,,,nenhuma,sem composicao: exige a BOM do fornecedor ou do Protheus,,PENDENTE,,
chave_de_canal,KJEJ02,tiktok,denavita,,1,nao,,,,,nenhuma,sem composicao: exige a BOM do fornecedor ou do Protheus,,PENDENTE,,
chave_de_canal,KJEJ03,tiktok,denavita,,1,nao,,,,,nenhuma,sem composicao: exige a BOM do fornecedor ou do Protheus,,PENDENTE,,
chave_de_canal,KLMSPI,tiktok,denavita,,1,nao,,,,,nenhuma,sem composicao: exige a BOM do fornecedor ou do Protheus,,PENDENTE,,
chave_de_canal,KLMVIN,tiktok,denavita,,1,nao,,,,,nenhuma,sem composicao: exige a BOM do fornecedor ou do Protheus,,PENDENTE,,
chave_de_canal,KMEL03,tiktok,denavita,,1,nao,,,,,nenhuma,sem composicao: exige a BOM do fornecedor ou do Protheus,,PENDENTE,,
chave_de_canal,KTON02,tiktok,denavita,,1,nao,,,,,nenhuma,sem composicao: exige a BOM do fornecedor ou do Protheus,,PENDENTE,,
chave_de_canal,40001,tiktok,kokeshi,,2,sim,5,5.0,1,2025-11-25 13:32:53,composicao reconstruida de NF (KITS-MAP-1),,,PENDENTE,,
chave_de_canal,40003,tiktok,kokeshi,,1,sim,3,3.0,3,2025-11-29 18:34:49,composicao reconstruida de NF (KITS-MAP-1),,,PENDENTE,,
chave_de_canal,40007,tiktok,kokeshi,,1,sim,3,3.0,2,2025-11-20 10:10:24,composicao reconstruida de NF (KITS-MAP-1),,,PENDENTE,,
chave_de_canal,40008,tiktok,kokeshi,,1,sim,3,3.0,8,2025-11-27 22:46:43,composicao reconstruida de NF (KITS-MAP-1),,,PENDENTE,,
chave_de_canal,40011,tiktok,kokeshi,,1,sim,2,2.0,31,2025-11-29 04:38:03,composicao reconstruida de NF (KITS-MAP-1),,,PENDENTE,,
chave_de_canal,40013,tiktok,kokeshi,,1,sim,8,8.0,62,2025-11-30 22:31:39,composicao reconstruida de NF (KITS-MAP-1),,,PENDENTE,,
chave_de_canal,40014,tiktok,kokeshi,,1,sim,3,3.0,2,2025-11-23 22:08:42,composicao reconstruida de NF (KITS-MAP-1),,,PENDENTE,,
chave_de_canal,40016,tiktok,kokeshi,,1,sim,3,3.0,757,2025-11-30 23:36:23,composicao reconstruida de NF (KITS-MAP-1),,,PENDENTE,,
chave_de_canal,40017,tiktok,kokeshi,,1,sim,3,3.0,3,2025-11-20 09:10:26,composicao reconstruida de NF (KITS-MAP-1),,,PENDENTE,,
chave_de_canal,40020,tiktok,kokeshi,,1,sim,5,5.0,4,2025-11-27 17:07:32,composicao reconstruida de NF (KITS-MAP-1),,,PENDENTE,,
chave_de_canal,40021,tiktok,kokeshi,,1,sim,2,2.0,3,2025-11-29 18:22:17,composicao reconstruida de NF (KITS-MAP-1),,,PENDENTE,,
chave_de_canal,40022,tiktok,kokeshi,,1,sim,2,4.0,350,2025-11-30 23:31:00,composicao reconstruida de NF (KITS-MAP-1),,,PENDENTE,,
chave_de_canal,40024,tiktok,kokeshi,,1,sim,3,3.0,11,2025-11-26 22:51:41,composicao reconstruida de NF (KITS-MAP-1),,,PENDENTE,,
chave_de_canal,40026,tiktok,kokeshi,,1,sim,4,4.0,1,2025-11-14 21:08:38,composicao reconstruida de NF (KITS-MAP-1),,,PENDENTE,,
chave_de_canal,40030,tiktok,kokeshi,,1,nao,,,,,nenhuma,sem composicao: exige a BOM do fornecedor ou do Protheus,,PENDENTE,,
chave_de_canal,40046,tiktok,kokeshi,,1,sim,2,2.0,37,2025-11-30 22:35:54,composicao reconstruida de NF (KITS-MAP-1),,,PENDENTE,,
chave_de_canal,40047,tiktok,kokeshi,,1,sim,3,3.0,47,2025-11-30 21:34:55,composicao reconstruida de NF (KITS-MAP-1),,,PENDENTE,,
chave_de_canal,40048,tiktok,kokeshi,,1,sim,2,2.0,5,2025-11-27 21:03:14,composicao reconstruida de NF (KITS-MAP-1),,,PENDENTE,,
chave_de_canal,40049,tiktok,kokeshi,,1,sim,3,3.0,27,2025-11-30 14:59:45,composicao reconstruida de NF (KITS-MAP-1),,,PENDENTE,,
chave_de_canal,40050,tiktok,kokeshi,,1,sim,2,2.0,13,2025-11-30 17:33:57,composicao reconstruida de NF (KITS-MAP-1),,,PENDENTE,,
chave_de_canal,40052,tiktok,kokeshi,,1,sim,7,7.0,35,2025-11-30 17:57:06,composicao reconstruida de NF (KITS-MAP-1),,,PENDENTE,,
chave_de_canal,40053,tiktok,kokeshi,,2,sim,3,5.0,66,2025-11-30 19:58:52,composicao reconstruida de NF (KITS-MAP-1),,,PENDENTE,,
chave_de_canal,40054,tiktok,kokeshi,,1,nao,,,,,nenhuma,sem composicao: exige a BOM do fornecedor ou do Protheus,,PENDENTE,,
chave_de_canal,40055,tiktok,kokeshi,,2,sim,2,2.0,38,2025-11-30 19:08:36,composicao reconstruida de NF (KITS-MAP-1),,,PENDENTE,,
chave_de_canal,40056,tiktok,kokeshi,,1,sim,3,3.0,158,2025-11-30 22:43:30,composicao reconstruida de NF (KITS-MAP-1),,,PENDENTE,,
chave_de_canal,40057,tiktok,kokeshi,,1,sim,4,4.0,121,2025-11-30 21:56:35,composicao reconstruida de NF (KITS-MAP-1),,,PENDENTE,,
chave_de_canal,40058,tiktok,kokeshi,,1,sim,2,2.0,8,2025-11-30 14:24:40,composicao reconstruida de NF (KITS-MAP-1),,,PENDENTE,,
chave_de_canal,40059,tiktok,kokeshi,,1,sim,2,2.0,2,2025-11-28 10:48:39,composicao reconstruida de NF (KITS-MAP-1),,,PENDENTE,,
chave_de_canal,40060,tiktok,kokeshi,,1,sim,4,4.0,29,2025-11-30 20:37:04,composicao reconstruida de NF (KITS-MAP-1),,,PENDENTE,,
chave_de_canal,40061,tiktok,kokeshi,,1,sim,4,4.0,11,2025-11-30 16:12:02,composicao reconstruida de NF (KITS-MAP-1),,,PENDENTE,,
chave_de_canal,40062,tiktok,kokeshi,,1,sim,2,2.0,4,2025-11-27 19:04:13,composicao reconstruida de NF (KITS-MAP-1),,,PENDENTE,,
chave_de_canal,40063,tiktok,kokeshi,,1,sim,3,3.0,40,2025-11-30 22:23:29,composicao reconstruida de NF (KITS-MAP-1),,,PENDENTE,,
chave_de_canal,40064,tiktok,kokeshi,,1,sim,3,3.0,1,2025-11-13 13:54:14,composicao reconstruida de NF (KITS-MAP-1),,,PENDENTE,,
chave_de_canal,40065,tiktok,kokeshi,,1,sim,3,3.0,78,2025-11-30 23:43:50,composicao reconstruida de NF (KITS-MAP-1),,,PENDENTE,,
chave_de_canal,40066,tiktok,kokeshi,,1,sim,3,3.0,63,2025-11-30 12:18:39,composicao reconstruida de NF (KITS-MAP-1),,,PENDENTE,,
chave_de_canal,40067,tiktok,kokeshi,,1,sim,2,2.0,2,2025-11-18 07:14:33,composicao reconstruida de NF (KITS-MAP-1),,,PENDENTE,,
chave_de_canal,40068,tiktok,kokeshi,,1,sim,2,2.0,20,2025-11-28 21:56:11,composicao reconstruida de NF (KITS-MAP-1),,,PENDENTE,,
chave_de_canal,40069,tiktok,kokeshi,,1,sim,3,3.0,12,2025-11-21 07:31:36,composicao reconstruida de NF (KITS-MAP-1),,,PENDENTE,,
chave_de_canal,40070,tiktok,kokeshi,,3,sim,2,2.0,10,2025-11-24 22:36:33,composicao reconstruida de NF (KITS-MAP-1),,,PENDENTE,,
chave_de_canal,40071,tiktok,kokeshi,,1,nao,,,,,nenhuma,sem composicao: exige a BOM do fornecedor ou do Protheus,,PENDENTE,,
chave_de_canal,40072,tiktok,kokeshi,,1,sim,2,2.0,5,2025-11-11 12:03:29,composicao reconstruida de NF (KITS-MAP-1),,,PENDENTE,,
chave_de_canal,40073,tiktok,kokeshi,,1,sim,2,2.0,3,2025-11-21 07:30:14,composicao reconstruida de NF (KITS-MAP-1),,,PENDENTE,,
chave_de_canal,40074,tiktok,kokeshi,,1,nao,,,,,nenhuma,sem composicao: exige a BOM do fornecedor ou do Protheus,,PENDENTE,,
chave_de_canal,40075,tiktok,kokeshi,,1,nao,,,,,nenhuma,sem composicao: exige a BOM do fornecedor ou do Protheus,,PENDENTE,,
chave_de_canal,40077,tiktok,kokeshi,,1,nao,,,,,nenhuma,sem composicao: exige a BOM do fornecedor ou do Protheus,,PENDENTE,,
chave_de_canal,40078,tiktok,kokeshi,,1,sim,2,2.0,8,2025-11-28 21:21:02,composicao reconstruida de NF (KITS-MAP-1),,,PENDENTE,,
chave_de_canal,40079,tiktok,kokeshi,,1,sim,3,3.0,1,2025-11-18 13:54:59,composicao reconstruida de NF (KITS-MAP-1),,,PENDENTE,,
chave_de_canal,40080,tiktok,kokeshi,,1,nao,,,,,nenhuma,sem composicao: exige a BOM do fornecedor ou do Protheus,,PENDENTE,,
chave_de_canal,40081,tiktok,kokeshi,,1,sim,7,7.0,4,2025-11-21 07:30:51,composicao reconstruida de NF (KITS-MAP-1),,,PENDENTE,,
chave_de_canal,40082,tiktok,kokeshi,,1,sim,4,4.0,8,2025-11-27 10:43:15,composicao reconstruida de NF (KITS-MAP-1),,,PENDENTE,,
chave_de_canal,40083,tiktok,kokeshi,,1,sim,2,2.0,6,2025-11-28 23:45:55,composicao reconstruida de NF (KITS-MAP-1),,,PENDENTE,,
chave_de_canal,40084,tiktok,kokeshi,,1,sim,4,4.0,1,2025-11-29 06:49:47,composicao reconstruida de NF (KITS-MAP-1),,,PENDENTE,,
chave_de_canal,40085,tiktok,kokeshi,,1,sim,4,4.0,19,2025-11-30 22:21:14,composicao reconstruida de NF (KITS-MAP-1),,,PENDENTE,,
chave_de_canal,40086,tiktok,kokeshi,,2,sim,3,4.0,5,2025-11-20 07:29:13,composicao reconstruida de NF (KITS-MAP-1),,,PENDENTE,,
chave_de_canal,40087,tiktok,kokeshi,,1,sim,2,2.0,1,2025-11-03 15:42:44,composicao reconstruida de NF (KITS-MAP-1),,,PENDENTE,,
chave_de_canal,40088,tiktok,kokeshi,,1,sim,2,2.0,4,2025-11-27 21:26:54,composicao reconstruida de NF (KITS-MAP-1),,,PENDENTE,,
chave_de_canal,40089,tiktok,kokeshi,,1,sim,4,4.0,2,2025-11-24 23:18:18,composicao reconstruida de NF (KITS-MAP-1),,,PENDENTE,,
chave_de_canal,40090,tiktok,kokeshi,,1,sim,4,4.0,39,2025-11-30 20:40:06,composicao reconstruida de NF (KITS-MAP-1),,,PENDENTE,,
chave_de_canal,40091,tiktok,kokeshi,,1,nao,,,,,nenhuma,sem composicao: exige a BOM do fornecedor ou do Protheus,,PENDENTE,,
chave_de_canal,40092,tiktok,kokeshi,,4,nao,,,,,nenhuma,sem composicao: exige a BOM do fornecedor ou do Protheus,,PENDENTE,,
chave_de_canal,40093,tiktok,kokeshi,,1,nao,,,,,nenhuma,sem composicao: exige a BOM do fornecedor ou do Protheus,,PENDENTE,,
chave_de_canal,40094,tiktok,kokeshi,,1,nao,,,,,nenhuma,sem composicao: exige a BOM do fornecedor ou do Protheus,,PENDENTE,,
chave_de_canal,40095,tiktok,kokeshi,,1,nao,,,,,nenhuma,sem composicao: exige a BOM do fornecedor ou do Protheus,,PENDENTE,,
chave_de_canal,40096,tiktok,kokeshi,,1,nao,,,,,nenhuma,sem composicao: exige a BOM do fornecedor ou do Protheus,,PENDENTE,,
chave_de_canal,40097,tiktok,kokeshi,,1,nao,,,,,nenhuma,sem composicao: exige a BOM do fornecedor ou do Protheus,,PENDENTE,,
chave_de_canal,40098,tiktok,kokeshi,,1,nao,,,,,nenhuma,sem composicao: exige a BOM do fornecedor ou do Protheus,,PENDENTE,,
chave_de_canal,40099,tiktok,kokeshi,,1,nao,,,,,nenhuma,sem composicao: exige a BOM do fornecedor ou do Protheus,,PENDENTE,,
chave_de_canal,40100,tiktok,kokeshi,,3,nao,,,,,nenhuma,sem composicao: exige a BOM do fornecedor ou do Protheus,,PENDENTE,,
chave_de_canal,40101,tiktok,kokeshi,,1,nao,,,,,nenhuma,sem composicao: exige a BOM do fornecedor ou do Protheus,,PENDENTE,,
chave_de_canal,40103,tiktok,kokeshi,,1,nao,,,,,nenhuma,sem composicao: exige a BOM do fornecedor ou do Protheus,,PENDENTE,,
chave_de_canal,40104,tiktok,kokeshi,,1,nao,,,,,nenhuma,sem composicao: exige a BOM do fornecedor ou do Protheus,,PENDENTE,,
chave_de_canal,40105,tiktok,kokeshi,,1,nao,,,,,nenhuma,sem composicao: exige a BOM do fornecedor ou do Protheus,,PENDENTE,,
chave_de_canal,40106,tiktok,kokeshi,,2,nao,,,,,nenhuma,sem composicao: exige a BOM do fornecedor ou do Protheus,,PENDENTE,,
chave_de_canal,40107,tiktok,kokeshi,,1,nao,,,,,nenhuma,sem composicao: exige a BOM do fornecedor ou do Protheus,,PENDENTE,,
chave_de_canal,40108,tiktok,kokeshi,,1,nao,,,,,nenhuma,sem composicao: exige a BOM do fornecedor ou do Protheus,,PENDENTE,,
chave_de_canal,40109,tiktok,kokeshi,,1,nao,,,,,nenhuma,sem composicao: exige a BOM do fornecedor ou do Protheus,,PENDENTE,,
chave_de_canal,40110,tiktok,kokeshi,,1,nao,,,,,nenhuma,sem composicao: exige a BOM do fornecedor ou do Protheus,,PENDENTE,,
chave_de_canal,40111,tiktok,kokeshi,,2,nao,,,,,nenhuma,sem composicao: exige a BOM do fornecedor ou do Protheus,,PENDENTE,,
chave_de_canal,40112,tiktok,kokeshi,,1,nao,,,,,nenhuma,sem composicao: exige a BOM do fornecedor ou do Protheus,,PENDENTE,,
chave_de_canal,40113,tiktok,kokeshi,,1,nao,,,,,nenhuma,sem composicao: exige a BOM do fornecedor ou do Protheus,,PENDENTE,,
chave_de_canal,40114,tiktok,kokeshi,,1,nao,,,,,nenhuma,sem composicao: exige a BOM do fornecedor ou do Protheus,,PENDENTE,,
chave_de_canal,40115,tiktok,kokeshi,,1,nao,,,,,nenhuma,sem composicao: exige a BOM do fornecedor ou do Protheus,,PENDENTE,,
chave_de_canal,40116,tiktok,kokeshi,,1,nao,,,,,nenhuma,sem composicao: exige a BOM do fornecedor ou do Protheus,,PENDENTE,,
chave_de_canal,40117,tiktok,kokeshi,,1,nao,3,3.0,,,nenhuma,sem composicao: exige a BOM do fornecedor ou do Protheus,,PENDENTE,,
chave_de_canal,40118,tiktok,kokeshi,,1,nao,,,,,nenhuma,sem composicao: exige a BOM do fornecedor ou do Protheus,,PENDENTE,,
chave_de_canal,40119,tiktok,kokeshi,,2,nao,5,5.0,,,nenhuma,sem composicao: exige a BOM do fornecedor ou do Protheus,,PENDENTE,,
chave_de_canal,40120,tiktok,kokeshi,,1,nao,,,,,nenhuma,sem composicao: exige a BOM do fornecedor ou do Protheus,,PENDENTE,,
chave_de_canal,40121,tiktok,kokeshi,,1,nao,,,,,nenhuma,sem composicao: exige a BOM do fornecedor ou do Protheus,,PENDENTE,,
chave_de_canal,40122,tiktok,kokeshi,,1,nao,,,,,nenhuma,sem composicao: exige a BOM do fornecedor ou do Protheus,,PENDENTE,,
chave_de_canal,40123,tiktok,kokeshi,,1,nao,,,,,nenhuma,sem composicao: exige a BOM do fornecedor ou do Protheus,,PENDENTE,,
chave_de_canal,40124,tiktok,kokeshi,,1,nao,,,,,nenhuma,sem composicao: exige a BOM do fornecedor ou do Protheus,,PENDENTE,,
chave_de_canal,40125,tiktok,kokeshi,,1,nao,,,,,nenhuma,sem composicao: exige a BOM do fornecedor ou do Protheus,,PENDENTE,,
chave_de_canal,40126,tiktok,kokeshi,,1,nao,3,3.0,,,nenhuma,sem composicao: exige a BOM do fornecedor ou do Protheus,,PENDENTE,,
chave_de_canal,40127,tiktok,kokeshi,,1,nao,4,4.0,,,nenhuma,sem composicao: exige a BOM do fornecedor ou do Protheus,,PENDENTE,,
chave_de_canal,40128,tiktok,kokeshi,,1,nao,3,3.0,,,nenhuma,sem composicao: exige a BOM do fornecedor ou do Protheus,,PENDENTE,,
chave_de_canal,40129,tiktok,kokeshi,,1,nao,6,6.0,,,nenhuma,sem composicao: exige a BOM do fornecedor ou do Protheus,,PENDENTE,,
chave_de_canal,40130,tiktok,kokeshi,,1,nao,,,,,nenhuma,sem composicao: exige a BOM do fornecedor ou do Protheus,,PENDENTE,,
chave_de_canal,40131,tiktok,kokeshi,,1,nao,,,,,nenhuma,sem composicao: exige a BOM do fornecedor ou do Protheus,,PENDENTE,,
chave_de_canal,40132,tiktok,kokeshi,,1,nao,,,,,nenhuma,sem composicao: exige a BOM do fornecedor ou do Protheus,,PENDENTE,,
chave_de_canal,40133,tiktok,kokeshi,,1,nao,,,,,nenhuma,sem composicao: exige a BOM do fornecedor ou do Protheus,,PENDENTE,,
chave_de_canal,40134,tiktok,kokeshi,,1,nao,,,,,nenhuma,sem composicao: exige a BOM do fornecedor ou do Protheus,,PENDENTE,,
chave_de_canal,40135,tiktok,kokeshi,,1,nao,,,,,nenhuma,sem composicao: exige a BOM do fornecedor ou do Protheus,,PENDENTE,,
chave_de_canal,V40027,tiktok,kokeshi,,1,sim,4,4.0,2,2025-11-27 20:34:51,composicao reconstruida de NF (KITS-MAP-1),,,PENDENTE,,
chave_de_canal,V40028,tiktok,kokeshi,,1,sim,4,4.0,2,2025-11-19 10:29:42,composicao reconstruida de NF (KITS-MAP-1),,,PENDENTE,,
chave_de_canal,V40029,tiktok,kokeshi,,1,sim,4,4.0,6,2025-11-28 09:05:04,composicao reconstruida de NF (KITS-MAP-1),,,PENDENTE,,
chave_de_canal,V40031,tiktok,kokeshi,,1,sim,5,5.0,16,2025-11-30 11:21:45,composicao reconstruida de NF (KITS-MAP-1),,,PENDENTE,,
chave_de_canal,V40032,tiktok,kokeshi,,1,sim,5,5.0,32,2025-11-30 22:18:06,composicao reconstruida de NF (KITS-MAP-1),,,PENDENTE,,
chave_de_canal,V40033,tiktok,kokeshi,,1,sim,5,5.0,18,2025-11-30 17:44:24,composicao reconstruida de NF (KITS-MAP-1),,,PENDENTE,,
chave_de_canal,V40034,tiktok,kokeshi,,1,sim,2,2.0,2,2025-11-29 18:35:43,composicao reconstruida de NF (KITS-MAP-1),,,PENDENTE,,
chave_de_canal,V40035,tiktok,kokeshi,,1,sim,2,2.0,10,2025-11-30 17:21:27,composicao reconstruida de NF (KITS-MAP-1),,,PENDENTE,,
chave_de_canal,V40036,tiktok,kokeshi,,1,sim,2,2.0,5,2025-11-30 23:50:47,composicao reconstruida de NF (KITS-MAP-1),,,PENDENTE,,
chave_de_canal,V40037,tiktok,kokeshi,,1,sim,4,4.0,24,2025-11-30 19:26:37,composicao reconstruida de NF (KITS-MAP-1),,,PENDENTE,,
chave_de_canal,V40038,tiktok,kokeshi,,1,sim,4,4.0,58,2025-11-30 19:30:24,composicao reconstruida de NF (KITS-MAP-1),,,PENDENTE,,
chave_de_canal,V40039,tiktok,kokeshi,,1,sim,4,4.0,49,2025-11-30 16:48:40,composicao reconstruida de NF (KITS-MAP-1),,,PENDENTE,,
chave_de_canal,V40040,tiktok,kokeshi,,1,sim,3,3.0,1,2025-11-17 23:08:24,composicao reconstruida de NF (KITS-MAP-1),,,PENDENTE,,
chave_de_canal,V40041,tiktok,kokeshi,,1,sim,3,3.0,2,2025-11-26 21:40:23,composicao reconstruida de NF (KITS-MAP-1),,,PENDENTE,,
chave_de_canal,V40042,tiktok,kokeshi,,1,sim,3,3.0,1,2025-11-16 22:47:46,composicao reconstruida de NF (KITS-MAP-1),,,PENDENTE,,
chave_de_canal,V40043,tiktok,kokeshi,,1,nao,,,,,nenhuma,sem composicao: exige a BOM do fornecedor ou do Protheus,,PENDENTE,,
chave_de_canal,V40044,tiktok,kokeshi,,1,nao,,,,,nenhuma,sem composicao: exige a BOM do fornecedor ou do Protheus,,PENDENTE,,
chave_de_canal,V40045,tiktok,kokeshi,,1,sim,2,2.0,1,2025-11-21 15:28:46,composicao reconstruida de NF (KITS-MAP-1),,,PENDENTE,,
chave_de_canal,KIT001,shopee|tiktok,lescent,,3,sim,5,5.0,48,2026-09-24 22:31:33,composicao reconstruida de NF (KITS-MAP-1),,,PENDENTE,,
chave_de_canal,KIT002,shopee|tiktok,lescent,,2,sim,2,2.0,4,2026-07-26 13:15:02,composicao reconstruida de NF (KITS-MAP-1),,,PENDENTE,,
chave_de_canal,KIT003,shopee|tiktok,lescent,,2,sim,9,9.0,3,2026-09-19 17:33:12,composicao reconstruida de NF (KITS-MAP-1),,,PENDENTE,,
chave_de_canal,KIT004,shopee|tiktok,lescent,,2,sim,3,3.0,168,2026-09-24 21:37:40,composicao reconstruida de NF (KITS-MAP-1),,,PENDENTE,,
chave_de_canal,KIT005,shopee|tiktok,lescent,,2,sim,7,7.0,6,2026-09-23 22:00:25,composicao reconstruida de NF (KITS-MAP-1),,,PENDENTE,,
chave_de_canal,KIT006,shopee|tiktok,lescent,,2,sim,4,4.0,2,2026-09-20 20:40:44,composicao reconstruida de NF (KITS-MAP-1),,,PENDENTE,,
chave_de_canal,KIT007,shopee|tiktok,lescent,,2,sim,5,5.0,12,2026-09-23 15:10:35,composicao reconstruida de NF (KITS-MAP-1),,,PENDENTE,,
chave_de_canal,KIT008,shopee|tiktok,lescent,,2,sim,10,10.0,3,2026-09-24 10:44:32,composicao reconstruida de NF (KITS-MAP-1),,,PENDENTE,,
chave_de_canal,KIT009,shopee|tiktok,lescent,,2,sim,4,4.0,185,2026-09-24 16:11:39,composicao reconstruida de NF (KITS-MAP-1),,,PENDENTE,,
chave_de_canal,KIT010,shopee|tiktok,lescent,,2,sim,4,4.0,4,2026-08-31 15:06:28,composicao reconstruida de NF (KITS-MAP-1),,,PENDENTE,,
chave_de_canal,KIT011,shopee|tiktok,lescent,,2,sim,8,8.0,3,2026-09-19 20:14:05,composicao reconstruida de NF (KITS-MAP-1),,,PENDENTE,,
chave_de_canal,KIT012,shopee|tiktok,lescent,,2,sim,4,4.0,3,2026-09-13 19:53:11,composicao reconstruida de NF (KITS-MAP-1),,,PENDENTE,,
chave_de_canal,KIT013,shopee|tiktok,lescent,,2,sim,2,2.0,43,2026-09-10 12:57:56,composicao reconstruida de NF (KITS-MAP-1),,,PENDENTE,,
chave_de_canal,KIT014,shopee|tiktok,lescent,,2,sim,2,2.0,1,2026-07-12 10:43:07,composicao reconstruida de NF (KITS-MAP-1),,,PENDENTE,,
chave_de_canal,KIT015,shopee|tiktok,lescent,,2,sim,5,5.0,2,2026-09-05 22:46:50,composicao reconstruida de NF (KITS-MAP-1),,,PENDENTE,,
chave_de_canal,KIT016,shopee|tiktok,lescent,,2,sim,4,4.0,1,2026-09-22 02:11:13,composicao reconstruida de NF (KITS-MAP-1),,,PENDENTE,,
chave_de_canal,KIT017,shopee|tiktok,lescent,,2,sim,5,5.0,5,2026-09-09 12:30:29,composicao reconstruida de NF (KITS-MAP-1),,,PENDENTE,,
chave_de_canal,KIT018,shopee|tiktok,lescent,,2,nao,,,,,nenhuma,sem composicao: exige a BOM do fornecedor ou do Protheus,,PENDENTE,,
chave_de_canal,DFASJKHR_SHOP,shopee|tiktok,rituaria,,2,nao,,,,,nenhuma,sem composicao: exige a BOM do fornecedor ou do Protheus,,PENDENTE,,
chave_de_canal,IMUNO-ANTIOXI90-SHOP,shopee|tiktok,rituaria,,2,sim,2,2.0,1,2025-11-26 13:07:59,composicao reconstruida de NF (KITS-MAP-1),,,PENDENTE,,
chave_de_canal,MKPPRENACMAG,shopee|tiktok,rituaria,,2,sim,3,3.0,902,2026-09-22 09:49:52,composicao reconstruida de NF (KITS-MAP-1),,,PENDENTE,,
chave_de_canal,MKPUNIFANTI,shopee|tiktok,rituaria,,2,sim,2,2.0,2,2026-05-18 22:39:09,composicao reconstruida de NF (KITS-MAP-1),,,PENDENTE,,
chave_de_canal,ML2PREBIOTICA,shopee|tiktok,rituaria,,3,nao,,,,,nenhuma,sem composicao: exige a BOM do fornecedor ou do Protheus,,PENDENTE,,
chave_de_canal,ML2UNIFO,shopee|tiktok,rituaria,,2,nao,,,,,nenhuma,sem composicao: exige a BOM do fornecedor ou do Protheus,,PENDENTE,,
chave_de_canal,ML3COMPLEXOB,tiktok,rituaria,,1,nao,,,,,nenhuma,sem composicao: exige a BOM do fornecedor ou do Protheus,,PENDENTE,,
chave_de_canal,ML3FABULOSA,shopee|tiktok,rituaria,,2,nao,,,,,nenhuma,sem composicao: exige a BOM do fornecedor ou do Protheus,,PENDENTE,,
chave_de_canal,ML3PREBIOTICA,shopee|tiktok,rituaria,,3,nao,,,,,nenhuma,sem composicao: exige a BOM do fornecedor ou do Protheus,,PENDENTE,,
chave_de_canal,ML3UNIF,shopee|tiktok,rituaria,,2,nao,,,,,nenhuma,sem composicao: exige a BOM do fornecedor ou do Protheus,,PENDENTE,,
chave_de_canal,MLANTIOXNFABU,shopee|tiktok,rituaria,,3,sim,2,2.0,7,2026-09-01 21:55:41,composicao reconstruida de NF (KITS-MAP-1),,,PENDENTE,,
chave_de_canal,MLAVANRENO,shopee|tiktok,rituaria,,2,nao,,,,,nenhuma,sem composicao: exige a BOM do fornecedor ou do Protheus,,PENDENTE,,
chave_de_canal,MLBRAIN4MAG,shopee|tiktok,rituaria,,2,sim,2,2.0,142,2026-09-22 19:40:08,composicao reconstruida de NF (KITS-MAP-1),,,PENDENTE,,
chave_de_canal,MLBRAINPREB,shopee|tiktok,rituaria,,2,sim,2,2.0,26,2026-09-21 19:20:41,composicao reconstruida de NF (KITS-MAP-1),,,PENDENTE,,
chave_de_canal,MLBRAINPREB4MAG,shopee|tiktok,rituaria,,2,sim,3,3.0,44,2026-09-22 14:33:33,composicao reconstruida de NF (KITS-MAP-1),,,PENDENTE,,
chave_de_canal,MLCOMPLETAO,shopee|tiktok,rituaria,,2,nao,,,,,nenhuma,sem composicao: exige a BOM do fornecedor ou do Protheus,,PENDENTE,,
chave_de_canal,MLESSENCI,tiktok,rituaria,,1,nao,,,,,nenhuma,sem composicao: exige a BOM do fornecedor ou do Protheus,,PENDENTE,,
chave_de_canal,MLESSENCIAL,shopee|tiktok,rituaria,,6,sim,2,2.0,5,2026-06-26 13:43:26,composicao reconstruida de NF (KITS-MAP-1),,,PENDENTE,,
chave_de_canal,MLESSENIMUNI,shopee|tiktok,rituaria,,2,nao,,,,,nenhuma,sem composicao: exige a BOM do fornecedor ou do Protheus,,PENDENTE,,
chave_de_canal,MLESSENPREBI,shopee|tiktok,rituaria,,3,sim,3,3.0,2,2025-11-13 16:44:48,composicao reconstruida de NF (KITS-MAP-1),,,PENDENTE,,
chave_de_canal,MLFEMMEJUICY,shopee|tiktok,rituaria,,2,sim,2,2.0,1,2026-07-29 11:16:18,composicao reconstruida de NF (KITS-MAP-1),,,PENDENTE,,
chave_de_canal,MLFEMMEJUICYMIX,shopee|tiktok,rituaria,,2,nao,,,,,nenhuma,sem composicao: exige a BOM do fornecedor ou do Protheus,,PENDENTE,,
chave_de_canal,MLFEMMEMIXER,shopee|tiktok,rituaria,,2,nao,,,,,nenhuma,sem composicao: exige a BOM do fornecedor ou do Protheus,,PENDENTE,,
chave_de_canal,MLIPECIRCU,shopee|tiktok,rituaria,,2,sim,2,2.0,13,2026-09-21 00:01:00,composicao reconstruida de NF (KITS-MAP-1),,,PENDENTE,,
chave_de_canal,MLJUICYMIXER,shopee|tiktok,rituaria,,2,nao,,,,,nenhuma,sem composicao: exige a BOM do fornecedor ou do Protheus,,PENDENTE,,
chave_de_canal,MLLIMPDUPL,shopee|tiktok,rituaria,,2,nao,,,,,nenhuma,sem composicao: exige a BOM do fornecedor ou do Protheus,,PENDENTE,,
chave_de_canal,MLMAGCOMB,shopee|tiktok,rituaria,,2,sim,2,2.0,112,2026-09-21 07:37:56,composicao reconstruida de NF (KITS-MAP-1),,,PENDENTE,,
chave_de_canal,MLMAGNAC,shopee|tiktok,rituaria,,4,sim,2,2.0,452,2026-09-22 13:15:19,composicao reconstruida de NF (KITS-MAP-1),,,PENDENTE,,
chave_de_canal,MLMAGNACOMB,shopee|tiktok,rituaria,,2,sim,3,3.0,140,2026-09-22 11:19:17,composicao reconstruida de NF (KITS-MAP-1),,,PENDENTE,,
chave_de_canal,MLMAGPIC,shopee|tiktok,rituaria,,2,sim,2,2.0,107,2026-09-22 05:58:01,composicao reconstruida de NF (KITS-MAP-1),,,PENDENTE,,
chave_de_canal,MLMAGPICOMB,shopee|tiktok,rituaria,,2,sim,3,3.0,11,2026-09-14 22:10:10,composicao reconstruida de NF (KITS-MAP-1),,,PENDENTE,,
chave_de_canal,MLMAPINACOMB,shopee|tiktok,rituaria,,2,sim,4,4.0,930,2026-09-22 16:16:47,composicao reconstruida de NF (KITS-MAP-1),,,PENDENTE,,
chave_de_canal,MLNUTRI4MAG,shopee|tiktok,rituaria,,2,sim,2,2.0,5,2026-09-21 19:07:51,composicao reconstruida de NF (KITS-MAP-1),,,PENDENTE,,
chave_de_canal,MLNUTRIPREB,shopee|tiktok,rituaria,,2,sim,2,2.0,7,2026-09-22 00:22:39,composicao reconstruida de NF (KITS-MAP-1),,,PENDENTE,,
chave_de_canal,MLNUTRIPREB4MAG,shopee|tiktok,rituaria,,2,sim,3,3.0,7,2026-09-21 09:55:56,composicao reconstruida de NF (KITS-MAP-1),,,PENDENTE,,
chave_de_canal,MLPICNACMAG,shopee,rituaria,,1,sim,3,3.0,1403,2026-09-22 14:57:30,composicao reconstruida de NF (KITS-MAP-1),,,PENDENTE,,
chave_de_canal,MLRITUALIMUNI,shopee|tiktok,rituaria,,4,sim,2,2.0,23,2026-09-21 19:30:22,composicao reconstruida de NF (KITS-MAP-1),,,PENDENTE,,
chave_de_canal,MLRITUALINTER,shopee|tiktok,rituaria,,3,sim,4,4.0,1,2026-05-20 09:10:47,composicao reconstruida de NF (KITS-MAP-1),,,PENDENTE,,
chave_de_canal,MLRITURUGA,shopee|tiktok,rituaria,,2,sim,2,2.0,2,2026-05-15 13:48:43,composicao reconstruida de NF (KITS-MAP-1),,,PENDENTE,,
chave_de_canal,MLROSALUMI,shopee|tiktok,rituaria,,2,sim,2,2.0,1,2026-07-11 09:12:07,composicao reconstruida de NF (KITS-MAP-1),,,PENDENTE,,
chave_de_canal,MLTRIOUNIF,shopee,rituaria,,1,nao,,,,,nenhuma,sem composicao: exige a BOM do fornecedor ou do Protheus,,PENDENTE,,
chave_de_canal,MLUNIFHIDRA,shopee|tiktok,rituaria,,2,sim,2,2.0,1,2025-11-30 00:53:10,composicao reconstruida de NF (KITS-MAP-1),,,PENDENTE,,
chave_de_canal,RITUAL-FABULOSO_SHOP,shopee|tiktok,rituaria,,3,sim,2,2.0,1,2026-07-18 13:11:44,composicao reconstruida de NF (KITS-MAP-1),,,PENDENTE,,
chave_de_canal,VERAORITU,shopee,rituaria,,1,sim,2,2.0,62,2026-09-20 20:01:33,composicao reconstruida de NF (KITS-MAP-1),,,PENDENTE,,
de_para_protheus,BB04020,,barbours,BB03024,,,,,,,mesmo codigo Bling 90009 na mesma marca; 'Gel Esf Pessego 30G' (EAN 7908357405994) x 'Gel Esf Pessego 30G' (EAN 7908357405994),,,PENDENTE,,
de_para_protheus,KBB99011,,barbours,KBB99007,,,,,,,mesmo codigo Bling 30040 na mesma marca; 'Caixa com 3 brindes surpresa' (EAN 4000000000011) x 'Caixa com 2 brindes surpresa' (EAN 4000000000007),EAN divergente ou ausente (4000000000011 x 4000000000007): pode ser produto distinto compartilhando codigo Bling. Conferir antes de aprovar.,,PENDENTE,,
de_para_protheus,KS02003,,kokeshi,KS02002,,,,,,,mesmo codigo Bling 20007 na mesma marca; 'ESPUMA DE CHAMEGO KOKESHI' (EAN 7899459310197) x 'KOKESHI ESPUMA DE CHAMEGO LIMPEZA FACIAL' (EAN 7899459310197),,,PENDENTE,,
inconsistencia_de_marca,BS01001,,by samia,,,,,,,,cadastro='by samia' x dim='by_samia' (origem shopify_nativa); NF: sem nota; 'OLEO ESSENCIAL DE ALECRIM 10 ML' EAN 7898273830010,as notas nao arbitram sozinhas (marca unica ausente ou divergente do dim): decidir com o dono do cadastro,,PENDENTE,,
inconsistencia_de_marca,BS01003,,by samia,,,,,,,,cadastro='by samia' x dim='by_samia' (origem shopify_nativa); NF: sem nota; 'OLEO ESSENCIAL DE BERGAMOTA 5 ML' EAN 7898273830515,as notas nao arbitram sozinhas (marca unica ausente ou divergente do dim): decidir com o dono do cadastro,,PENDENTE,,
inconsistencia_de_marca,BS01006,,by samia,,,,,,,,cadastro='by samia' x dim='by_samia' (origem shopify_nativa); NF: sem nota; 'OLEO ESSENCIAL DE CEDRO 10 ML' EAN 7898273830072,as notas nao arbitram sozinhas (marca unica ausente ou divergente do dim): decidir com o dono do cadastro,,PENDENTE,,
inconsistencia_de_marca,BS01008,,by samia,,,,,,,,cadastro='by samia' x dim='by_samia' (origem shopify_nativa); NF: sem nota; 'OLEO ESSENCIAL DE CITRONELA 10 ML' EAN 7898273830096,as notas nao arbitram sozinhas (marca unica ausente ou divergente do dim): decidir com o dono do cadastro,,PENDENTE,,
inconsistencia_de_marca,BS01009,,by samia,,,,,,,,cadastro='by samia' x dim='by_samia' (origem shopify_nativa); NF: sem nota; 'OLEO ESSENCIAL DE COPAIBA 10 ML' EAN 7898273830102,as notas nao arbitram sozinhas (marca unica ausente ou divergente do dim): decidir com o dono do cadastro,,PENDENTE,,
inconsistencia_de_marca,BS01013,,by samia,,,,,,,,cadastro='by samia' x dim='by_samia' (origem cadastro_monday); NF: sem nota; 'OLEO ESSENCIAL DE EUCALIPTO GLOBULOS 10 ' EAN 7898273830157,as notas nao arbitram sozinhas (marca unica ausente ou divergente do dim): decidir com o dono do cadastro,,PENDENTE,,
inconsistencia_de_marca,BS01015,,by samia,,,,,,,,cadastro='by samia' x dim='by_samia' (origem shopify_nativa); NF: sem nota; 'OLEO ESSENCIAL DE GENGIBRE 5 ML' EAN 7898273839716,as notas nao arbitram sozinhas (marca unica ausente ou divergente do dim): decidir com o dono do cadastro,,PENDENTE,,
inconsistencia_de_marca,BS01016,,by samia,,,,,,,,cadastro='by samia' x dim='by_samia' (origem shopify_nativa); NF: sem nota; 'OLEO ESSENCIAL DE GERANIO BOURBON 5 ML' EAN 7898273839723,as notas nao arbitram sozinhas (marca unica ausente ou divergente do dim): decidir com o dono do cadastro,,PENDENTE,,
inconsistencia_de_marca,BS01017,,by samia,,,,,,,,cadastro='by samia' x dim='by_samia' (origem shopify_nativa); NF: sem nota; 'OLEO ESSENCIAL DE GRAPEFRUIT 5 ML' EAN 7898273830461,as notas nao arbitram sozinhas (marca unica ausente ou divergente do dim): decidir com o dono do cadastro,,PENDENTE,,
inconsistencia_de_marca,BS01019,,by samia,,,,,,,,cadastro='by samia' x dim='by_samia' (origem shopify_nativa); NF: sem nota; 'OLEO ESSENCIAL DE HORTELA DO BRASIL 10 M' EAN 7898273830201,as notas nao arbitram sozinhas (marca unica ausente ou divergente do dim): decidir com o dono do cadastro,,PENDENTE,,
inconsistencia_de_marca,BS01020,,by samia,,,,,,,,cadastro='by samia' x dim='by_samia' (origem shopify_nativa); NF: sem nota; 'OLEO ESSENCIAL DE HORTELA PIMENTA 10 ML' EAN 7898273830218,as notas nao arbitram sozinhas (marca unica ausente ou divergente do dim): decidir com o dono do cadastro,,PENDENTE,,
inconsistencia_de_marca,BS01022,,by samia,,,,,,,,cadastro='by samia' x dim='by_samia' (origem shopify_nativa); NF: sem nota; 'OLEO ESSENCIAL DE LARANJA 10 ML' EAN 7898273830225,as notas nao arbitram sozinhas (marca unica ausente ou divergente do dim): decidir com o dono do cadastro,,PENDENTE,,
inconsistencia_de_marca,BS01023,,by samia,,,,,,,,cadastro='by samia' x dim='by_samia' (origem shopify_nativa); NF: sem nota; 'OLEO ESSENCIAL DE LAVANDA 10 ML' EAN 7898273830232,as notas nao arbitram sozinhas (marca unica ausente ou divergente do dim): decidir com o dono do cadastro,,PENDENTE,,
inconsistencia_de_marca,BS01024,,by samia,,,,,,,,cadastro='by samia' x dim='by_samia' (origem shopify_nativa); NF: sem nota; 'OLEO ESSENCIAL DE LEMONGRASS 10 ML' EAN 7898273830249,as notas nao arbitram sozinhas (marca unica ausente ou divergente do dim): decidir com o dono do cadastro,,PENDENTE,,
inconsistencia_de_marca,BS01025,,by samia,,,,,,,,cadastro='by samia' x dim='by_samia' (origem shopify_nativa); NF: sem nota; 'OLEO ESSENCIAL DE LIMAO SICILIANO 10 ML' EAN 7898273830256,as notas nao arbitram sozinhas (marca unica ausente ou divergente do dim): decidir com o dono do cadastro,,PENDENTE,,
inconsistencia_de_marca,BS01026,,by samia,,,,,,,,cadastro='by samia' x dim='by_samia' (origem shopify_nativa); NF: sem nota; 'OLEO ESSENCIAL DE LITSEA (VERBENA TROPIC' EAN 7898273837934,as notas nao arbitram sozinhas (marca unica ausente ou divergente do dim): decidir com o dono do cadastro,,PENDENTE,,
inconsistencia_de_marca,BS01028,,by samia,,,,,,,,cadastro='by samia' x dim='by_samia' (origem shopify_nativa); NF: sem nota; 'OLEO ESSENCIAL DE MANJERONA 5 ML' EAN 7898273839730,as notas nao arbitram sozinhas (marca unica ausente ou divergente do dim): decidir com o dono do cadastro,,PENDENTE,,
inconsistencia_de_marca,BS01030,,by samia,,,,,,,,cadastro='by samia' x dim='by_samia' (origem shopify_nativa); NF: sem nota; 'OLEO ESSENCIAL DE OLIBANO INCENSO 5 ML' EAN 7898273830522,as notas nao arbitram sozinhas (marca unica ausente ou divergente do dim): decidir com o dono do cadastro,,PENDENTE,,
inconsistencia_de_marca,BS01033,,by samia,,,,,,,,cadastro='by samia' x dim='by_samia' (origem cadastro_monday); NF: sem nota; 'OLEO ESSENCIAL DE PATCHOULI 5 ML' EAN 7898273830393,as notas nao arbitram sozinhas (marca unica ausente ou divergente do dim): decidir com o dono do cadastro,,PENDENTE,,
inconsistencia_de_marca,BS01034,,by samia,,,,,,,,cadastro='by samia' x dim='by_samia' (origem shopify_nativa); NF: sem nota; 'OLEO ESSENCIAL DE PETITGRAIN 10 ML' EAN 7898273830362,as notas nao arbitram sozinhas (marca unica ausente ou divergente do dim): decidir com o dono do cadastro,,PENDENTE,,
inconsistencia_de_marca,BS01037,,by samia,,,,,,,,cadastro='by samia' x dim='by_samia' (origem shopify_nativa); NF: sem nota; 'OLEO ESSENCIAL DE SANDALO 5 ML' EAN 7898273830386,as notas nao arbitram sozinhas (marca unica ausente ou divergente do dim): decidir com o dono do cadastro,,PENDENTE,,
inconsistencia_de_marca,BS01038,,by samia,,,,,,,,cadastro='by samia' x dim='by_samia' (origem shopify_nativa); NF: sem nota; 'OLEO ESSENCIAL DE TANGERINA 10 ML' EAN 7898273830409,as notas nao arbitram sozinhas (marca unica ausente ou divergente do dim): decidir com o dono do cadastro,,PENDENTE,,
inconsistencia_de_marca,BS01039,,by samia,,,,,,,,cadastro='by samia' x dim='by_samia' (origem shopify_nativa); NF: sem nota; 'OLEO ESSENCIAL DE TEA TREE (MELALEUCA) 1' EAN 7898273830416,as notas nao arbitram sozinhas (marca unica ausente ou divergente do dim): decidir com o dono do cadastro,,PENDENTE,,
inconsistencia_de_marca,BS01042,,by samia,,,,,,,,cadastro='by samia' x dim='by_samia' (origem shopify_nativa); NF: sem nota; 'OLEO ESSENCIAL DE VETIVER 5 ML' EAN 7898273839778,as notas nao arbitram sozinhas (marca unica ausente ou divergente do dim): decidir com o dono do cadastro,,PENDENTE,,
inconsistencia_de_marca,BS01044,,by samia,,,,,,,,cadastro='by samia' x dim='by_samia' (origem shopify_nativa); NF: sem nota; 'OLEO ESSENCIAL DE YLANGYLANG 5 ML' EAN 7898273839839,as notas nao arbitram sozinhas (marca unica ausente ou divergente do dim): decidir com o dono do cadastro,,PENDENTE,,
inconsistencia_de_marca,BS02049,,by samia,,,,,,,,cadastro='by samia' x dim='by_samia' (origem shopify_nativa); NF: sem nota; 'OLEO VEGETAL DE AMENDOA DOCE 100 ML' EAN 7898273830577,as notas nao arbitram sozinhas (marca unica ausente ou divergente do dim): decidir com o dono do cadastro,,PENDENTE,,
inconsistencia_de_marca,BS02055,,by samia,,,,,,,,cadastro='by samia' x dim='by_samia' (origem shopify_nativa); NF: sem nota; 'OLEO VEGETAL DE GIRASSOL 100 ML' EAN 7898273830669,as notas nao arbitram sozinhas (marca unica ausente ou divergente do dim): decidir com o dono do cadastro,,PENDENTE,,
inconsistencia_de_marca,BS02057,,by samia,,,,,,,,cadastro='by samia' x dim='by_samia' (origem shopify_nativa); NF: sem nota; 'OLEO VEGETAL DE ROSA MOSQUETA 30 ML' EAN 7898273832946,as notas nao arbitram sozinhas (marca unica ausente ou divergente do dim): decidir com o dono do cadastro,,PENDENTE,,
inconsistencia_de_marca,BS02059,,by samia,,,,,,,,cadastro='by samia' x dim='by_samia' (origem shopify_nativa); NF: sem nota; 'OLEO VEGETAL DE SEMENTE DE UVA 100 ML' EAN 7898273830706,as notas nao arbitram sozinhas (marca unica ausente ou divergente do dim): decidir com o dono do cadastro,,PENDENTE,,
inconsistencia_de_marca,BS03060,,by samia,,,,,,,,cadastro='by samia' x dim='by_samia' (origem cadastro_monday); NF: sem nota; 'BLEND DE OLEOS BEMESTAR 15 ML' EAN 7898273835220,as notas nao arbitram sozinhas (marca unica ausente ou divergente do dim): decidir com o dono do cadastro,,PENDENTE,,
inconsistencia_de_marca,BS03182,,by samia,,,,,,,,cadastro='by samia' x dim='by_samia' (origem shopify_nativa); NF: sem nota; 'ROLL ON BEM ESTAR 10ML' EAN 7898273831284,as notas nao arbitram sozinhas (marca unica ausente ou divergente do dim): decidir com o dono do cadastro,,PENDENTE,,
inconsistencia_de_marca,BS05065,,by samia,,,,,,,,cadastro='by samia' x dim='by_samia' (origem cadastro_monday); NF: sem nota; 'BLEND DE OLEOS ENERGIZANTE 15 ML' EAN 7898273832014,as notas nao arbitram sozinhas (marca unica ausente ou divergente do dim): decidir com o dono do cadastro,,PENDENTE,,
inconsistencia_de_marca,BS05068,,by samia,,,,,,,,cadastro='by samia' x dim='by_samia' (origem cadastro_monday); NF: sem nota; 'ROLL ON ENERGIZANTE 10 ML' EAN 7898273830027,as notas nao arbitram sozinhas (marca unica ausente ou divergente do dim): decidir com o dono do cadastro,,PENDENTE,,
inconsistencia_de_marca,BS07071,,by samia,,,,,,,,cadastro='by samia' x dim='by_samia' (origem cadastro_monday); NF: sem nota; 'BLEND DE OLEOS MULHER 15 ML' EAN 7898273835213,as notas nao arbitram sozinhas (marca unica ausente ou divergente do dim): decidir com o dono do cadastro,,PENDENTE,,
inconsistencia_de_marca,BS07073,,by samia,,,,,,,,cadastro='by samia' x dim='by_samia' (origem cadastro_monday); NF: sem nota; 'ROLL ON MULHER 10 ML' EAN 7898273831611,as notas nao arbitram sozinhas (marca unica ausente ou divergente do dim): decidir com o dono do cadastro,,PENDENTE,,
inconsistencia_de_marca,BS08078,,by samia,,,,,,,,cadastro='by samia' x dim='by_samia' (origem cadastro_monday); NF: sem nota; 'BLEND DE OLEOS REFRESCANTE 15 ML' EAN 7898273832021,as notas nao arbitram sozinhas (marca unica ausente ou divergente do dim): decidir com o dono do cadastro,,PENDENTE,,
inconsistencia_de_marca,BS08080,,by samia,,,,,,,,cadastro='by samia' x dim='by_samia' (origem cadastro_monday); NF: sem nota; 'ROLL ON REFRESCANTE 10 ML' EAN 7898273831628,as notas nao arbitram sozinhas (marca unica ausente ou divergente do dim): decidir com o dono do cadastro,,PENDENTE,,
inconsistencia_de_marca,BS09084,,by samia,,,,,,,,cadastro='by samia' x dim='by_samia' (origem cadastro_monday); NF: sem nota; 'BLEND DE OLEOS RELAXANTE 15 ML' EAN 7898273832045,as notas nao arbitram sozinhas (marca unica ausente ou divergente do dim): decidir com o dono do cadastro,,PENDENTE,,
inconsistencia_de_marca,BS09089,,by samia,,,,,,,,cadastro='by samia' x dim='by_samia' (origem cadastro_monday); NF: sem nota; 'ROLL ON RELAXANTE 10 ML' EAN 7898273831635,as notas nao arbitram sozinhas (marca unica ausente ou divergente do dim): decidir com o dono do cadastro,,PENDENTE,,
inconsistencia_de_marca,BS10093,,by samia,,,,,,,,cadastro='by samia' x dim='by_samia' (origem cadastro_monday); NF: sem nota; 'BLEND DE OLEOS SENSUAL 15 ML' EAN 7898273832052,as notas nao arbitram sozinhas (marca unica ausente ou divergente do dim): decidir com o dono do cadastro,,PENDENTE,,
inconsistencia_de_marca,BS10094,,by samia,,,,,,,,cadastro='by samia' x dim='by_samia' (origem cadastro_monday); NF: sem nota; 'ROLL ON SENSUAL 10 ML' EAN 7898273831642,as notas nao arbitram sozinhas (marca unica ausente ou divergente do dim): decidir com o dono do cadastro,,PENDENTE,,
inconsistencia_de_marca,BS11095,,by samia,,,,,,,,cadastro='by samia' x dim='by_samia' (origem cadastro_monday); NF: sem nota; 'BLEND DE OLEOS ZEN 15 ML' EAN 7898273835237,as notas nao arbitram sozinhas (marca unica ausente ou divergente do dim): decidir com o dono do cadastro,,PENDENTE,,
inconsistencia_de_marca,BS11096,,by samia,,,,,,,,cadastro='by samia' x dim='by_samia' (origem cadastro_monday); NF: sem nota; 'ROLL ON ZEN 10 ML' EAN 7898273830003,as notas nao arbitram sozinhas (marca unica ausente ou divergente do dim): decidir com o dono do cadastro,,PENDENTE,,
inconsistencia_de_marca,BS14102,,by samia,,,,,,,,cadastro='by samia' x dim='by_samia' (origem cadastro_monday); NF: sem nota; 'AGUA CAPILAR MULTIFUNCIONAL 150ML' EAN 7898273832465,as notas nao arbitram sozinhas (marca unica ausente ou divergente do dim): decidir com o dono do cadastro,,PENDENTE,,
inconsistencia_de_marca,BS14105,,by samia,,,,,,,,cadastro='by samia' x dim='by_samia' (origem cadastro_monday); NF: sem nota; 'ARGILA COMPLEX DETOX 200G' EAN 7898273832496,as notas nao arbitram sozinhas (marca unica ausente ou divergente do dim): decidir com o dono do cadastro,,PENDENTE,,
inconsistencia_de_marca,BS14106,,by samia,,,,,,,,cadastro='by samia' x dim='by_samia' (origem cadastro_monday); NF: sem nota; 'ARGILA COMPLEX REVITALIZA 200G' EAN 7898273832519,as notas nao arbitram sozinhas (marca unica ausente ou divergente do dim): decidir com o dono do cadastro,,PENDENTE,,
inconsistencia_de_marca,BS14110,,by samia,,,,,,,,cadastro='by samia' x dim='by_samia' (origem cadastro_monday); NF: sem nota; 'ESFOLIANTE RENOVADOR PARA OS PES 70 G' EAN 7898273831819,as notas nao arbitram sozinhas (marca unica ausente ou divergente do dim): decidir com o dono do cadastro,,PENDENTE,,
inconsistencia_de_marca,BS14113,,by samia,,,,,,,,cadastro='by samia' x dim='by_samia' (origem cadastro_monday); NF: sem nota; 'GEL ESFOLIANTE FACIAL 100G' EAN 7898273832526,as notas nao arbitram sozinhas (marca unica ausente ou divergente do dim): decidir com o dono do cadastro,,PENDENTE,,
inconsistencia_de_marca,BS14114,,by samia,,,,,,,,cadastro='by samia' x dim='by_samia' (origem cadastro_monday); NF: sem nota; 'LEITE DE LIMPEZA FACIAL 150ML' EAN 7898273832410,as notas nao arbitram sozinhas (marca unica ausente ou divergente do dim): decidir com o dono do cadastro,,PENDENTE,,
inconsistencia_de_marca,BS14115,,by samia,,,,,,,,cadastro='by samia' x dim='by_samia' (origem shopify_nativa); NF: sem nota; 'LOCAO DE LIMPEZA PARA PES 150 ML' EAN 7898273831826,as notas nao arbitram sozinhas (marca unica ausente ou divergente do dim): decidir com o dono do cadastro,,PENDENTE,,
inconsistencia_de_marca,BS14116,,by samia,,,,,,,,cadastro='by samia' x dim='by_samia' (origem cadastro_monday); NF: sem nota; 'LOCAO TONICA FACIAL 150ML' EAN 7898273832403,as notas nao arbitram sozinhas (marca unica ausente ou divergente do dim): decidir com o dono do cadastro,,PENDENTE,,
inconsistencia_de_marca,BS14117,,by samia,,,,,,,,cadastro='by samia' x dim='by_samia' (origem shopify_nativa); NF: sem nota; 'MANTEIGA HIDRATANTE PARA OS PES 70 G' EAN 7898273831833,as notas nao arbitram sozinhas (marca unica ausente ou divergente do dim): decidir com o dono do cadastro,,PENDENTE,,
inconsistencia_de_marca,BS14118,,by samia,,,,,,,,cadastro='by samia' x dim='by_samia' (origem cadastro_monday); NF: sem nota; 'OLEO CAPILAR NUTRITIVO E REPARADOR 30ML' EAN 7898273832489,as notas nao arbitram sozinhas (marca unica ausente ou divergente do dim): decidir com o dono do cadastro,,PENDENTE,,
inconsistencia_de_marca,BS14119,,by samia,,,,,,,,cadastro='by samia' x dim='by_samia' (origem cadastro_monday); NF: sem nota; 'SERUM CAPILAR TONICO E FORTALECEDOR 30ML' EAN 7898273832472,as notas nao arbitram sozinhas (marca unica ausente ou divergente do dim): decidir com o dono do cadastro,,PENDENTE,,
inconsistencia_de_marca,BS14120,,by samia,,,,,,,,cadastro='by samia' x dim='by_samia' (origem shopify_nativa); NF: sem nota; 'SERUM FACIAL REVITALIZANTE 15 ML' EAN 7898273835251,as notas nao arbitram sozinhas (marca unica ausente ou divergente do dim): decidir com o dono do cadastro,,PENDENTE,,
inconsistencia_de_marca,BS14121,,by samia,,,,,,,,cadastro='by samia' x dim='by_samia' (origem shopify_nativa); NF: sem nota; 'SERUM FACIAL SECATIVO  30G' EAN 7898273832441,as notas nao arbitram sozinhas (marca unica ausente ou divergente do dim): decidir com o dono do cadastro,,PENDENTE,,
inconsistencia_de_marca,BS15149,,by samia,,,,,,,,cadastro='by samia' x dim='by_samia' (origem ean_monday); NF: sem nota; 'PAD ALGODAO CROCHE' EAN 7898273854818,as notas nao arbitram sozinhas (marca unica ausente ou divergente do dim): decidir com o dono do cadastro,,PENDENTE,,
inconsistencia_de_marca,BS99159,,by samia,,,,,,,,cadastro='by samia' x dim='by_samia' (origem ean_monday); NF: sem nota; 'KIT MINI CARTOES  CARTOES OLEOS + SAQUIN' EAN 7898273831161,as notas nao arbitram sozinhas (marca unica ausente ou divergente do dim): decidir com o dono do cadastro,,PENDENTE,,
inconsistencia_de_marca,KS03046,,by samia,kokeshi,,,,,12335,2026-07-01 .. 2026-09-24,cadastro='by samia' x dim='kokeshi' (origem prefixo_protheus); NF: kokeshi=12335; 'SABONETE FACIAL PELE DE PORCELANA 200 ML' EAN 7908790700830,,,PENDENTE,,corrigir a MARCA na linha do cadastro; o dim e a NF ja' concordam
